name,plu,dept,price,size,source
*COUPON* Local Apples Sept.,8000,produce,0.49,,produce-inventory-alt-id.csv
1LB Fall,11411,small-vendor,,,PLU List Small Vendor.xlsx
1LB Summer,11410,small-vendor,,,PLU List Small Vendor.xlsx
2.5 LB Fall,11601,small-vendor,,,PLU List Small Vendor.xlsx
2.5 LB Summer,11600,small-vendor,,,PLU List Small Vendor.xlsx
6 Pack Cinnabuns,3723,small-vendor,,,PLU List Small Vendor.xlsx
African Peanut 16 FZ,36716,deli,4.99,,PLU List Deli.xlsx:master
African Peanut 32 FZ,36717,deli,8.99,,PLU List Deli.xlsx:master
Agave Bears,17716,bulk,7.99,,PLU BULK Repack Sheet Master.xlsx:Master
Almond Chicken Salad,30096,existing,,,reclist+html+db
Almond Crunchy,15605,bulk,11.99,,PLU BULK Repack Sheet Master.xlsx:Master
Almond Date Rolls,14797,bulk,10.99,,PLU BULK Repack Sheet Master.xlsx:Master
Almond Smooth,15610,bulk,11.99,,PLU BULK Repack Sheet Master.xlsx:Master
Almonds Chocolate Sea Salt,14305,bulk,11.99,,PLU BULK Repack Sheet Master.xlsx:Master
Almonds Dark Chocolate,14781,bulk,10.99,,PLU BULK Repack Sheet Master.xlsx:Master
Almonds Diced,15751,bulk,11.99,,PLU BULK Repack Sheet Master.xlsx:Master
Almonds Marcona,40132,bulk,17.99,,PLU BULK Repack Sheet Master.xlsx:Master
Almonds Milk Choc,14778,bulk,5.99,,PLU BULK Repack Sheet Master.xlsx:Master
Almonds Raw OG,13505,bulk,12.99,,PLU BULK Repack Sheet Master.xlsx:Master
Almonds Raw Unpasteurized OG,13506,bulk,12.99,,PLU BULK Repack Sheet Master.xlsx:Master
Almonds Roasted Salted,14801,bulk,11.99,,PLU BULK Repack Sheet Master.xlsx:Master
Almonds Roasted Unsalted,14792,bulk,6.99,,PLU BULK Repack Sheet Master.xlsx:Master
Almonds Spicy,14802,bulk,11.99,,PLU BULK Repack Sheet Master.xlsx:Master
Almonds Tamari,13412,bulk,7.49,,PLU BULK Repack Sheet Master.xlsx:Master
Alpha Omega Salad,32307,existing,,,reclist+html+db
Anitpasta Asparagus,30609,deli,8.99,,PLU List Deli.xlsx:master
Apple Bread with Walnuts,32417,existing,,,reclist
Apple Cider Bread,3722,small-vendor,,,PLU List Small Vendor.xlsx
Apple Cinnamon Coffeecake,30444,existing,,,reclist+html+db
"Apple Cranberry Crisp, vegan",30526,existing,,,reclist+html+db
Apple Cranberry Pecan Slaw,36494,existing,,,reclist
Apple Rings OG,16100,bulk,12.99,,PLU BULK Repack Sheet Master.xlsx:Master
Apples braeburn cnv,4103,produce,1.59,,produce-inventory-alt-id.csv
Apples cameo cnv,3066,produce,1.79,,produce-inventory-alt-id.csv
Apples cortland cnv,4106,produce,0.59,,produce-inventory-alt-id.csv
Apples Crispin CNV,4110,produce,0.59,,produce-inventory-alt-id.csv
Apples crispin cnv,4111,produce,0.59,,produce-inventory-alt-id.csv
Apples empire cnv,4124,produce,0.59,,produce-inventory-alt-id.csv
Apples Free Trade Gala Apples,4174,produce,1.99,,produce-inventory-alt-id.csv
Apples fuji cnv,4131,produce,1.59,,produce-inventory-alt-id.csv
Apples gala cnv,4133,produce,0.59,,produce-inventory-alt-id.csv
Apples ginger gold cnv,4096,produce,0.59,,produce-inventory-alt-id.csv
Apples gold blush cnv,4137,produce,0.59,,produce-inventory-alt-id.csv
Apples golden delicious cnv,4020,produce,0.59,,produce-inventory-alt-id.csv
Apples granny smith cnv,4017,produce,1.59,,produce-inventory-alt-id.csv
Apples honeycrisp,3283,produce,1.99,,produce-inventory-alt-id.csv
Apples ida red cnv,4142,produce,0.59,,produce-inventory-alt-id.csv
Apples jona gold cnv,4145,produce,0.59,,produce-inventory-alt-id.csv
Apples jonamac cnv,4141,produce,0.59,,produce-inventory-alt-id.csv
Apples jonathan cnv,4150,produce,0.59,,produce-inventory-alt-id.csv
Apples macoun cnv,4196,produce,0.59,,produce-inventory-alt-id.csv
Apples mcintosh cnv,4019,produce,0.59,,produce-inventory-alt-id.csv
Apples mcintosh cnv,4152,produce,0.59,,produce-inventory-alt-id.csv
Apples northern spy cnv,3077,produce,0.59,,produce-inventory-alt-id.csv
Apples Pink Lady cnv,4130,produce,1.59,,produce-inventory-alt-id.csv
Apples red delicious cnv,4016,produce,0.59,,produce-inventory-alt-id.csv
Apples rome cnv,4171,produce,0.59,,produce-inventory-alt-id.csv
Apricot Chickpea 16 FZ,36813,deli,4.99,,PLU List Deli.xlsx:master
Apricot Chickpea 32 FZ,36814,deli,8.99,,PLU List Deli.xlsx:master
Apricot Ginger Chutney,32356,existing,,,reclist+html+db
Apricots,84218,local-produce,,,"Local Produce Codes, August 2017 JC.docx"
Apricots CNV,16220,bulk,4.99,,PLU BULK Repack Sheet Master.xlsx:Master
Apricots cnv,4218,produce,2.29,,produce-inventory-alt-id.csv
Apricots loc,84218,produce,1.79,,produce-inventory-alt-id.csv
Apricots OG,16217,bulk,6.99,,PLU BULK Repack Sheet Master.xlsx:Master
Artichoke Butter,34362,deli,7.99,,PLU List Deli.xlsx:master
Artichokes cnv,4084,produce,1.59,,produce-inventory-alt-id.csv
Artichokes cnv,4762,produce,1.59,,produce-inventory-alt-id.csv
Artichokes Stuffed Cold,34361,deli,4.99,,PLU List Deli.xlsx:master
Artichokes Stuffed Hot,34360,deli,4.99,,PLU List Deli.xlsx:master
Arugula cnv,4884,produce,2.99,,produce-inventory-alt-id.csv
"Asiago, Fresca",40002,cheese,12.99,LB,PLU LIST - Cheese.xlsx:Master
Asparagus Antipasto,30609,existing,,,alias:PLU List Deli.xlsx:master
Asparagus cnv,4080,produce,2.99,,produce-inventory-alt-id.csv
Asparagus green local,84080,produce,4.99,,produce-inventory-alt-id.csv
Asparagus Potato Salad,30082,existing,,,fuzzy:reclist+html+db
Asparagus white cnv,4522,produce,4.99,,produce-inventory-alt-id.csv
Avgolemono,37664,existing,,,fuzzy:PLU List Deli.xlsx:master
Avgolemono Veg 16 FZ,37664,deli,4.99,,PLU List Deli.xlsx:master
Avgolemono Veg 32 FZ,37665,deli,8.99,,PLU List Deli.xlsx:master
Avocado florida cnv,4224,produce,1.59,,produce-inventory-alt-id.csv
Avocado hass cnv,4046,produce,1.99,,produce-inventory-alt-id.csv
Avocado hass cnv,4225,produce,1.99,,produce-inventory-alt-id.csv
Bagel,30542,bakehouse,1.2,,PLU List Bakehouse.xlsx:print list
Bagels 1/2 dozen,60507,small-vendor,,,PLU List Small Vendor.xlsx
Baguette,30461,bakehouse,,,Shrink Log Reference Bakehouse-Deli.xlsx:Bakehouse
Baguette,60520,small-vendor,,,PLU List Small Vendor.xlsx
Baguette Demi,31093,bakehouse,1.99,,PLU List Bakehouse.xlsx:print list
Baguette Multi Grain,30547,bakehouse,3.49,,PLU List Bakehouse.xlsx:print list
"Baguette, demi",31093,bakehouse,,,Shrink Log Reference Bakehouse-Deli.xlsx:Bakehouse
"Baguette, Multigrain",31687,bakehouse,,,Shrink Log Reference Bakehouse-Deli.xlsx:Bakehouse
Baked Tofu with Cilantro-Ginger Sauce,30002,existing,,,reclist
Bakehouse Special Order,33333,bakehouse,0,,PLU List Bakehouse.xlsx:print list
Balaton Cherries Chocolate Covered,17018,bulk,12.99,,PLU BULK Repack Sheet Master.xlsx:Master
Balsamic Summer Potato Salad,39992,existing,,,reclist+html+db
Banana Chips,16286,bulk,2.99,,PLU BULK Repack Sheet Master.xlsx:Master
Banana Chocolate Chip Muffin,20851,code-book,,,Code Book PLUs.xlsx
Banana Spice Bread,30791,existing,,,html+db
Bananas cnv,4011,produce,0.79,,produce-inventory-alt-id.csv
Bananas plantain cnv,4235,produce,0.59,,produce-inventory-alt-id.csv
Bananas red cnv,4236,produce,3.99,,produce-inventory-alt-id.csv
Bangers & Mash,34354,deli,11.99,,PLU List Deli.xlsx:master
Bar Blue,32692,bakehouse,2.99,,PLU List Bakehouse.xlsx:print list
Bar Bumble,31652,bakehouse,1.99,,PLU List Bakehouse.xlsx:print list
Bar Choc Protein,20078,bakehouse,2.99,,PLU List Bakehouse.xlsx:print list
Bar Date,30513,bakehouse,3.49,1 CT,Copy of PLU Costs.xlsx:Sheet4
Bar Date V,30548,bakehouse,2.99,,PLU List Bakehouse.xlsx:print list
Bar Fudgy Oat,31654,bakehouse,2.99,,PLU List Bakehouse.xlsx:print list
Bar Grasshopper,25730,bakehouse,3.99,,PLU List Bakehouse.xlsx:print list
Bar Hello Dollies,30524,bakehouse,2.99,,PLU List Bakehouse.xlsx:print list
Bar Hot Bar,30902,deli,8.99,LB,Copy of PLU Costs.xlsx:Sheet4
Bar Monster,31653,bakehouse,2.99,,PLU List Bakehouse.xlsx:print list
Bar Monster Family,32721,bakehouse,7.99,,PLU List Bakehouse.xlsx:print list
Bar Pecan,30510,bakehouse,2.99,,PLU List Bakehouse.xlsx:print list
Bar Pump,30515,bakehouse,1.99,,PLU List Bakehouse.xlsx:print list
Bar Soup Hot Large 32 FZ,30630,deli,8.99,32 FZ,Copy of PLU Costs.xlsx:Sheet4
Bar Soup Hot Medium 16 FZ,30629,deli,4.99,16 FZ,Copy of PLU Costs.xlsx:Sheet4
Bar Soup Hot Small 8 FZ,30928,deli,2.99,8 FZ,Copy of PLU Costs.xlsx:Sheet4
Bar Square Lemon,30514,bakehouse,1.99,,PLU List Bakehouse.xlsx:print list
Bar Tray 48 CT,22085,bakehouse,16.99,,PLU List Bakehouse.xlsx:print list
Bark Choc Cherry,28179,bakehouse,15.99,,PLU List Bakehouse.xlsx:print list
Bark Matzo Cran Orange,30866,bakehouse,15.99,,PLU List Bakehouse.xlsx:print list
Bark Pistachio Choc Chili,35360,bakehouse,15.99,,PLU List Bakehouse.xlsx:print list
Battistoni Pepperoni Sliced Uncured,56659,meat,,,PLU List Meat Fish.xlsx:meat
BBQ Seitan,30165,existing,,,html+db
Bean 3 Pars Greens 16 FZ,36764,deli,4.99,,PLU List Deli.xlsx:master
Bean 3 Pars Greens 32 FZ,36765,deli,8.99,,PLU List Deli.xlsx:master
Bean Farmhouse 16 FZ,36683,deli,4.99,,PLU List Deli.xlsx:master
Bean Farmhouse 32 FZ,36684,deli,8.99,,PLU List Deli.xlsx:master
Beans Baked Maple BBQ,31791,deli,9.99,,PLU List Deli.xlsx:master
Beans fava cnv,4528,produce,1.99,,produce-inventory-alt-id.csv
Beans green cnv,4066,produce,1.99,,produce-inventory-alt-id.csv
Beans Greens 16 FZ,36706,deli,4.99,,PLU List Deli.xlsx:master
Beans Greens 32 FZ,33540,deli,8.99,,PLU List Deli.xlsx:master
Beans lima cnv,4529,produce,1.99,,produce-inventory-alt-id.csv
Beans yellow cnv,4533,produce,1.79,,produce-inventory-alt-id.csv
Beef Stock 32 FZ,30947,deli,8.99,,PLU List Deli.xlsx:master
Beef Stroganoff,33738,existing,,,fuzzy:Copy of PLU Costs.xlsx:Sheet4
Beer & Horseradish Spead,40612,cheese,6.99,8 OZ,PLU LIST - Cheese.xlsx:Master
Beer Ched 16 FZ,36834,deli,4.99,,PLU List Deli.xlsx:master
Beer Ched 32 FZ,36833,deli,8.99,,PLU List Deli.xlsx:master
Beet Hummus,30744,existing,,,reclist+html+db
Beet Noodles,50417,small-vendor,,,PLU List Small Vendor.xlsx
Beets Apple Mint,30288,deli,7.99,,PLU List Deli.xlsx:master
Beets Balsamic Roasted LG,38406,deli,9.99,,PLU List Deli.xlsx:master
Beets chiogga loose cnv,4541,produce,2.59,,produce-inventory-alt-id.csv
Beets golden cnv,3273,produce,1.99,,produce-inventory-alt-id.csv
Beets Roast Orange Mint,34810,deli,8.99,,PLU List Deli.xlsx:master
BELL & EVANS Chicken Cut Up 8 PC,54242,meat,,,PLU List Meat Fish.xlsx:meat
BELL & EVANS Chicken Thighs Boneless,52418,meat,,,PLU List Meat Fish.xlsx:meat
BELL & EVANS Chicken Whole Natural B&E,52421,meat,,,PLU List Meat Fish.xlsx:meat
BELL & EVANS Chicken Wings Party,57650,meat,,,PLU List Meat Fish.xlsx:meat
"BellaVitano, Asiago Basil",40544,cheese,16.99,LB,PLU LIST - Cheese.xlsx:Master
"BellaVitano, Asiago Rosemary",40545,cheese,16.99,LB,PLU LIST - Cheese.xlsx:Master
"BellaVitano, Merlot",40434,cheese,17.99,LB,PLU LIST - Cheese.xlsx:Master
"BellaVitano, Raspberry",40503,cheese,17.99,LB,PLU LIST - Cheese.xlsx:Master
Berries blackberries cnv,4239,produce,4.99,,produce-inventory-alt-id.csv
Berries blackberries pint cnv,6764,produce,4.99,,produce-inventory-alt-id.csv
Berries blackberries pint cnv,6765,produce,4.99,,produce-inventory-alt-id.csv
Berries blueberries 1/2 pint cnv,4240,produce,2.99,,produce-inventory-alt-id.csv
Berries blueberries cnv,6412,produce,3.99,,produce-inventory-alt-id.csv
Berries blueberries cnv pint,6749,produce,3.99,,produce-inventory-alt-id.csv
Berries blueberries cnv pint,6755,produce,3.99,,produce-inventory-alt-id.csv
Berries blueberries loose loc,84240,produce,2.99,,produce-inventory-alt-id.csv
Berries Boysenberries cnv,4241,produce,3.59,,produce-inventory-alt-id.csv
Berries cranberries pkg cnv,4242,produce,3.99,,produce-inventory-alt-id.csv
Berries cranberries pkg cnv,6407,produce,3.99,,produce-inventory-alt-id.csv
Berries cranberries pkg cnv,7641,produce,3.99,,produce-inventory-alt-id.csv
Berries raspberries blk cnv,4244,produce,4.99,,produce-inventory-alt-id.csv
Berries raspberries cnv,3032,produce,3.99,,produce-inventory-alt-id.csv
Berries raspberries cnv,6746,produce,3.99,,produce-inventory-alt-id.csv
Berries raspberries pint loc,84054,produce,4.99,,produce-inventory-alt-id.csv
Berries raspberries pkg cnv,6743,produce,3.99,,produce-inventory-alt-id.csv
Berries raspbry 1/2 pint cnv,3270,produce,3.99,,produce-inventory-alt-id.csv
Berries Strawberries 1/2 flat,84252,produce,14.99,,produce-inventory-alt-id.csv
Berries strawberries 16 oz,4323,produce,3.99,,produce-inventory-alt-id.csv
Berries strawberries 16 oz cn,4248,produce,3.99,,produce-inventory-alt-id.csv
Berries strawberries 8.8 oz cn,6737,produce,3.99,,produce-inventory-alt-id.csv
Berries strawberries pint cnv,4246,produce,3.99,,produce-inventory-alt-id.csv
Berries strawberries pint cnv,4252,produce,3.99,,produce-inventory-alt-id.csv
Berries strawberries qt local,84248,produce,3.99,,produce-inventory-alt-id.csv
Berry Bran Muffin,20856,code-book,,,Code Book PLUs.xlsx
Best Chocolate Chip Cookies,20864,existing,,,fuzzy:Code Book PLUs.xlsx
Bev Tea Hot 12 FZ,30988,deli,1.69,12 FZ,Copy of PLU Costs.xlsx:Sheet4
Beverage Apple cider 128 oz cn,4852,produce,3.99,,produce-inventory-alt-id.csv
Beverage Apple Cider 128 oz cn,6270,produce,3.99,,produce-inventory-alt-id.csv
Beverage Apple Cider 128 oz lo,6256,produce,3.99,,produce-inventory-alt-id.csv
Beverage Oranges juice cnv,4382,produce,0.29,,produce-inventory-alt-id.csv
Biscotti Anise,28182,bakehouse,3.99,,PLU List Bakehouse.xlsx:print list
Biscotti Choc Triple 2 CT,23012,bakehouse,3.99,,PLU List Bakehouse.xlsx:print list
Biscotti Coconut V,28184,bakehouse,3.99,,PLU List Bakehouse.xlsx:print list
Biscotti Ginger 2 CT,23014,bakehouse,3.99,,PLU List Bakehouse.xlsx:print list
Bisque Apple Cauli 16 FZ,36821,deli,4.99,,PLU List Deli.xlsx:master
Bisque Apple Cauli 32 FZ,36822,deli,8.99,,PLU List Deli.xlsx:master
Bisque Bacon 16 FZ,38502,deli,4.99,,PLU List Deli.xlsx:master
Bisque Bacon 32 FZ,38503,deli,8.99,,PLU List Deli.xlsx:master
Bisque Butternut Squash 16 FZ,38407,deli,4.99,,PLU List Deli.xlsx:master
Bisque Butternut Squash 32 FZ,38408,deli,8.99,,PLU List Deli.xlsx:master
Bisque Jamaican Pump 16 FZ,31765,deli,4.99,,PLU List Deli.xlsx:master
Bisque Jamaican Pump 32 FZ,31766,deli,8.99,,PLU List Deli.xlsx:master
Bisque Pars Ched 32 FZ,37402,deli,8.99,,PLU List Deli.xlsx:master
Bisque Pot Maple 32 FZ,36755,deli,8.99,,PLU List Deli.xlsx:master
Bisque Potato Garlic Rst 16 FZ,38409,deli,4.99,,PLU List Deli.xlsx:master
Bisque Potato Garlic Rst 32 FZ,38410,deli,8.99,,PLU List Deli.xlsx:master
Bisque Pump Maple 16 FZ,36811,deli,4.99,,PLU List Deli.xlsx:master
Bisque Pump Maple 32 FZ,36812,deli,8.99,,PLU List Deli.xlsx:master
Bisque Red Pep 16 FZ,36762,deli,4.99,,PLU List Deli.xlsx:master
Bisque Red Pep 32 FZ,36763,deli,8.99,,PLU List Deli.xlsx:master
Black Bass Filets,53412,fish,,,PLU List Meat Fish.xlsx:fish
Black Bean & Lime Soup 16 FZ,32703,deli,4.99,,PLU List Deli.xlsx:master
Black Bean & Lime Soup 32 FZ,32702,deli,8.99,,PLU List Deli.xlsx:master
Black Bean 32 FZ,36725,deli,8.99,,PLU List Deli.xlsx:master
Black Bean Cheddar 16 FZ,36724,deli,4.99,,PLU List Deli.xlsx:master
Black Bean Hummus,30327,existing,,,alias:PLU List Deli.xlsx:master
Black Gold,40615,cheese,13.99,LB,PLU LIST - Cheese.xlsx:Master
Black Wing Cornish Hens,52745,meat,,,PLU List Meat Fish.xlsx:meat
Blind Robins,51654,fish,,,PLU List Meat Fish.xlsx:fish
Blue Cayuga,40318,cheese,23.99,LB,PLU LIST - Cheese.xlsx:Master
Blue Cheese Dip / Salad Dressing,45351,existing,,,reclist
"Blue, Bayley Hazen",43711,cheese,26.99,LB,PLU LIST - Cheese.xlsx:Master
"Blue, Buttermilk",40068,cheese,16.99,LB,PLU LIST - Cheese.xlsx:Master
"Blue, Deer Creek Blue Jay",40302,cheese,18.99,LB,PLU LIST - Cheese.xlsx:Master
"Blue, Denmarks Trad Mycella",40311,cheese,15.99,LB,PLU LIST - Cheese.xlsx:Master
"Blue, Gorgonzola Mountain",40086,cheese,16.99,LB,PLU LIST - Cheese.xlsx:Master
"Blue, Grand Noir",25410,cheese,14.99,LB,PLU LIST - Cheese.xlsx:Master
"Blue, Huntsman Ched/Stilton",40643,cheese,16.99,LB,PLU LIST - Cheese.xlsx:Master
"Blue, Point Reyes",40309,cheese,18.99,LB,PLU LIST - Cheese.xlsx:Master
"Blue, St. Agur",40261,cheese,23.99,LB,PLU LIST - Cheese.xlsx:Master
Blueberries,16304,bulk,24.99,,PLU BULK Repack Sheet Master.xlsx:Master
Blueberries Dark Chocolate,14780,bulk,12.99,,PLU BULK Repack Sheet Master.xlsx:Master
Blueberry Bars,32692,existing,,,reclist
Blueberry Muffin,20845,code-book,,,Code Book PLUs.xlsx
Blueberry Muffins,20845,existing,,,fuzzy:Code Book PLUs.xlsx
Blueberry Scone,20840,code-book,,,Code Book PLUs.xlsx
Blueberry Scones,20840,existing,,,fuzzy:Code Book PLUs.xlsx
"Bocconcino, Alta Langa",40301,cheese,5.99,3.52 OZ,PLU LIST - Cheese.xlsx:Master
Bolognese,30842,deli,11.99,,PLU List Deli.xlsx:master
"Bonrus, Alta Langa",40322,cheese,23.99,8 OZ,PLU LIST - Cheese.xlsx:Master
Borscht with Meat,33356,existing,,,fuzzy:PLU List Deli.xlsx:master
Borscht with Meat 16 FZ,33356,deli,4.99,,PLU List Deli.xlsx:master
Borscht with Meat 32 FZ,33357,deli,8.99,,PLU List Deli.xlsx:master
Bran Muffins,30519,existing,,,fuzzy:Shrink Log Reference Bakehouse-Deli.xlsx:Bakehouse
Branzino Filet Butterfiled Tail,51796,fish,,,PLU List Meat Fish.xlsx:fish
Bread Apple Wal,32417,bakehouse,4.99,,PLU List Bakehouse.xlsx:print list
Bread Asiago Cheese,30777,bakehouse,3.99,,PLU List Bakehouse.xlsx:print list
Bread Baguette European,30461,bakehouse,2.99,,PLU List Bakehouse.xlsx:print list
Bread Baguette Multi Grain,31687,bakehouse,3.49,,PLU List Bakehouse.xlsx:print list
Bread Banana V,22003,bakehouse,4.99,,PLU List Bakehouse.xlsx:print list
Bread Blueberry Zucchini,22004,bakehouse,4.99,,PLU List Bakehouse.xlsx:print list
Bread Boule Multi Grain,30472,bakehouse,3.99,,PLU List Bakehouse.xlsx:print list
Bread Challah,30494,bakehouse,6.99,,PLU List Bakehouse.xlsx:print list
Bread Cherry Almond,30790,bakehouse,4.99,,PLU List Bakehouse.xlsx:print list
Bread Ciabatta,30776,bakehouse,3.49,,PLU List Bakehouse.xlsx:print list
Bread Cornbread,44952,bakehouse,4.99,,PLU List Bakehouse.xlsx:print list
Bread Country Wheat,30464,bakehouse,3.99,,PLU List Bakehouse.xlsx:print list
Bread Cran Orange,25015,bakehouse,4.99,,PLU List Bakehouse.xlsx:print list
Bread Garlic Roasted,30498,bakehouse,3.99,,PLU List Bakehouse.xlsx:print list
Bread Gingerbread,30512,bakehouse,4.99,,PLU List Bakehouse.xlsx:print list
Bread Irish Soda,30500,bakehouse,3.99,,PLU List Bakehouse.xlsx:print list
Bread Irish Soda Raisins,30544,bakehouse,4.49,,PLU List Bakehouse.xlsx:print list
Bread Jalapeno Cheddar Cornbread,32720,bakehouse,4.99,,PLU List Bakehouse.xlsx:print list
Bread Lemon Blue,25017,bakehouse,4.99,,PLU List Bakehouse.xlsx:print list
Bread Lemon Poppy,31668,bakehouse,4.99,,PLU List Bakehouse.xlsx:print list
Bread Multi,31551,bakehouse,3.99,,PLU List Bakehouse.xlsx:print list
Bread Neo Tuscan,30462,bakehouse,3.99,,PLU List Bakehouse.xlsx:print list
Bread Olive,30284,bakehouse,3.99,,PLU List Bakehouse.xlsx:print list
Bread Peach,22005,bakehouse,4.99,,PLU List Bakehouse.xlsx:print list
Bread Petite,30572,bakehouse,2.99,,PLU List Bakehouse.xlsx:print list
Bread Pump,30328,bakehouse,4.99,1 CT,Copy of PLU Costs.xlsx:Sheet4
Bread Pump V,25012,bakehouse,4.99,,PLU List Bakehouse.xlsx:print list
Bread Raisin,30466,bakehouse,5.49,,PLU List Bakehouse.xlsx:print list
Bread Sandwich Multi Grain,30663,bakehouse,5.99,,PLU List Bakehouse.xlsx:print list
Bread Semolina,30496,bakehouse,3.99,,PLU List Bakehouse.xlsx:print list
Bread Sesame Italian,30826,bakehouse,3.99,,PLU List Bakehouse.xlsx:print list
Bread Sunflower,30467,bakehouse,3.99,,PLU List Bakehouse.xlsx:print list
Bread Zucchini Blueberry,22004,bakehouse,4.99,,PLU List Bakehouse.xlsx:print list
Breadhive Cookies,28186,bakehouse,,,Shrink Log Reference Bakehouse-Deli.xlsx:Bakehouse
Breadhive Pastries,28187,bakehouse,,,Shrink Log Reference Bakehouse-Deli.xlsx:Bakehouse
Breadhive Pretzel,1875,bakehouse,,,Shrink Log Reference Bakehouse-Deli.xlsx:Bakehouse
Breakfast Sandwich (New) - Bacon,32737,existing,,,reclist
"Breakfast Sandwich (New) - Egg, Cheese, and Hashbrown",32738,existing,,,reclist
Breakfast Sandwich (New) - Vegan Wrap,32739,existing,,,reclist
Breakfast Sandwich--Bacon,37721,existing,,,reclist
Breakfast Sandwiches--Bean Burrito,36835,existing,,,reclist
Breast Mary's Organic 4-6,59722,turkey,5.75,,Turkey PLU's.xlsx
Brie Sheldrake Moon,40319,cheese,10.99,8 OZ,PLU LIST - Cheese.xlsx:Master
"Brie, Belletoile Triple Cream",40004,cheese,14.99,LB,PLU LIST - Cheese.xlsx:Master
"Brie, Cambozola Blue",40112,cheese,15.99,LB,PLU LIST - Cheese.xlsx:Master
"Brie, Champignon Mushrooms",40105,cheese,14.99,LB,PLU LIST - Cheese.xlsx:Master
"Brie, Crème de la Crème Camembert Supreme",40009,cheese,19.99,LB,PLU LIST - Cheese.xlsx:Master
"Brie, Fromager D'affinois 60%",43709,cheese,15.99,LB,PLU LIST - Cheese.xlsx:Master
"Brie, St. Andre",47492,cheese,22.99,LB,PLU LIST - Cheese.xlsx:Master
"Brie, St. Andre Mini's",40063,cheese,10.99,7 OZ,PLU LIST - Cheese.xlsx:Master
"Brien, Couronne (3 Kilo)",42490,cheese,14.99,LB,PLU LIST - Cheese.xlsx:Master
Broccoli baby cnv,3277,produce,2.95,,produce-inventory-alt-id.csv
Broccoli Cashew Salad,30299,existing,,,reclist+html+db
Broccoli Cheddar,36691,deli,8.99,,PLU List Deli.xlsx:master
Broccoli Cheddar,36692,deli,4.99,,PLU List Deli.xlsx:master
Broccoli Cheddar Soup,36692,existing,,,fuzzy:PLU List Deli.xlsx:master
Broccoli cnv,4060,produce,1.99,,produce-inventory-alt-id.csv
Broccoli crowns cnv,3082,produce,1.99,,produce-inventory-alt-id.csv
Broccoli Crowns cnv,3882,produce,1.99,,produce-inventory-alt-id.csv
Broccoli florettes cnv,4548,produce,1.99,,produce-inventory-alt-id.csv
Broccoli rabe cnv,4547,produce,2.99,,produce-inventory-alt-id.csv
Broth Chix 16 FZ,33423,deli,4.99,16 FZ,Copy of PLU Costs.xlsx:Sheet4
Brownie,10926,small-vendor,,,PLU List Small Vendor.xlsx
Brownie,30531,bakehouse,1.99,,PLU List Bakehouse.xlsx:print list
Brownie Choc Chip Flour Free,30599,bakehouse,2.99,,PLU List Bakehouse.xlsx:print list
Brownie Choc Dbl Spiced,32705,bakehouse,2.99,,PLU List Bakehouse.xlsx:print list
Brownie Choc Dbl Spiced Family,36664,bakehouse,7.99,,PLU List Bakehouse.xlsx:print list
Brownie Choc Ganache,30529,bakehouse,7.99,,PLU List Bakehouse.xlsx:print list
Brownie Holiday,25021,bakehouse,7.99,,PLU List Bakehouse.xlsx:print list
Brownie Peppermint,30460,bakehouse,2.99,,PLU List Bakehouse.xlsx:print list
Brownie Peppermint LG,33317,bakehouse,7.99,,PLU List Bakehouse.xlsx:print list
Brownie Raspberry Cheesecake,30375,bakehouse,2.99,,PLU List Bakehouse.xlsx:print list
Brussel Sprouts Ap Bacon LG,39640,deli,11.99,,PLU List Deli.xlsx:master
Brussel Sprouts Lemon Garlic,34742,deli,8.99,,PLU List Deli.xlsx:master
Brussel Sprouts Lemon Garlic,38415,deli,8.99,,PLU List Deli.xlsx:master
Brussels Sprouts Ap Bacon LB,36663,deli,8.99,,PLU List Deli.xlsx:master
Brussels Sprouts Lemon Garlic,34742,deli,8.99,32 OZ,Copy of PLU Costs.xlsx:Sheet4
Brussels sprouts loo,4550,produce,2.59,,produce-inventory-alt-id.csv
Brussels sprouts sta,3083,produce,2.59,,produce-inventory-alt-id.csv
Buckwheat 1lb,13536,small-vendor,,,PLU List Small Vendor.xlsx
Buffalo Bites,33000,deli,0,,Copy of PLU Costs.xlsx:Sheet4
Buffalo Chips,50601,small-vendor,,,PLU List Small Vendor.xlsx
Buffalo Tofu Nuggets,35662,existing,,,reclist
Bulk Tempeh,15501,small-vendor,,,PLU List Small Vendor.xlsx
Bulk Tofu,15500,small-vendor,,,PLU List Small Vendor.xlsx
Bumble Bars,31652,existing,,,reclist
Burger Black Bean Jamaican,35646,deli,5.99,,PLU List Deli.xlsx:master
Burmese Curry Chix 16 FZ,34662,deli,4.99,,PLU List Deli.xlsx:master
Burmese Curry Chix 32 FZ,34663,deli,8.99,,PLU List Deli.xlsx:master
Butter Garlic,37692,deli,7.99,,PLU List Deli.xlsx:master
Butternut Squash Lasagna,30198,existing,,,html+db
Butternut Squash Wild Rice LG,33731,deli,11.99,,PLU List Deli.xlsx:master
Cabbage green cnv,4069,produce,0.59,,produce-inventory-alt-id.csv
Cabbage napa cnv,4552,produce,0.79,,produce-inventory-alt-id.csv
Cabbage red cnv,4554,produce,0.59,,produce-inventory-alt-id.csv
Cabbage savoy cnv,4555,produce,0.79,,produce-inventory-alt-id.csv
Cabrita,40483,cheese,23.99,LB,PLU LIST - Cheese.xlsx:Master
Cake Carrot,30771,bakehouse,17.99,,PLU List Bakehouse.xlsx:print list
Cake Carrot Slice,30518,bakehouse,2.99,,PLU List Bakehouse.xlsx:print list
Cake Choc Chip Cookie 6 Inch,31663,bakehouse,8.99,,PLU List Bakehouse.xlsx:print list
Cake Choc Chip Cookie 9 Inch,31665,bakehouse,15.99,,PLU List Bakehouse.xlsx:print list
Cake Choc Chip Cookie Al V 6 I,31664,bakehouse,8.99,,PLU List Bakehouse.xlsx:print list
Cake Choc Chip Cookie Al V 9 I,31666,bakehouse,15.99,,PLU List Bakehouse.xlsx:print list
Cake Choc Flourless,30530,bakehouse,8.99,,PLU List Bakehouse.xlsx:print list
Cake Choc Flourless Frost,32962,bakehouse,8.99,,PLU List Bakehouse.xlsx:print list
Cake Choc Fost Pb V,30533,bakehouse,15.99,1 ct,Copy of PLU Costs.xlsx:Sheet4
Cake Choc Frost Choc,23018,bakehouse,2.99,,PLU List Bakehouse.xlsx:print list
Cake Choc Frost Choc,28108,bakehouse,15.99,,PLU List Bakehouse.xlsx:print list
Cake Choc Frost Choc Slice,23018,bakehouse,2.99,1 CT,Copy of PLU Costs.xlsx:Sheet4
Cake Choc Frost Choc V,23022,bakehouse,2.99,,PLU List Bakehouse.xlsx:print list
Cake Choc Frost Choc V,28130,bakehouse,15.99,,PLU List Bakehouse.xlsx:print list
Cake Choc Frost Pb V,30533,bakehouse,15.99,,PLU List Bakehouse.xlsx:print list
Cake Choc Frost Van,23017,bakehouse,,,PLU List Bakehouse.xlsx:print list
Cake Choc Frost Van,30812,bakehouse,15.99,,PLU List Bakehouse.xlsx:print list
Cake Choc Frost Van V,23021,bakehouse,,,PLU List Bakehouse.xlsx:print list
Cake Choc Frost Van V,28131,bakehouse,15.99,,PLU List Bakehouse.xlsx:print list
Cake Choc Ganache Frost Choc,28110,bakehouse,15.99,,PLU List Bakehouse.xlsx:print list
Cake Choc Ganache Frost Choc V,28132,bakehouse,15.99,,PLU List Bakehouse.xlsx:print list
Cake Choc Ganache Frost Van,28111,bakehouse,15.99,,PLU List Bakehouse.xlsx:print list
Cake Choc Ganache Frost Van V,28133,bakehouse,15.99,,PLU List Bakehouse.xlsx:print list
Cake Choc Rasp Filling Frost Choc V,28134,bakehouse,15.99,,PLU List Bakehouse.xlsx:print list
Cake Choc Rasp Filling Frost Van V,28135,bakehouse,15.99,,PLU List Bakehouse.xlsx:print list
Cake Choc Rasp Frost Van V,28135,bakehouse,15.99,1 CT,Copy of PLU Costs.xlsx:Sheet4
Cake Choc Stout,33720,bakehouse,15.99,,PLU List Bakehouse.xlsx:print list
Cake Choc Stout Slice,32663,bakehouse,2.99,,PLU List Bakehouse.xlsx:print list
Cake Coconut V,32641,bakehouse,15.99,,PLU List Bakehouse.xlsx:print list
Cake Cookie PB,30558,bakehouse,7.99,,PLU List Bakehouse.xlsx:print list
Cake Flourless Chocolate Slice,30517,bakehouse,2.99,,PLU List Bakehouse.xlsx:print list
Cake Ging Frost Wht Choc Caye,32664,bakehouse,2.99,,PLU List Bakehouse.xlsx:print list
Cake Ginger Frost Wht Choc Whl,32959,bakehouse,17.99,,PLU List Bakehouse.xlsx:print list
Cake Lemon Bliss,33307,bakehouse,17.99,,PLU List Bakehouse.xlsx:print list
Cake Van Frost Choc,23020,bakehouse,2.99,,PLU List Bakehouse.xlsx:print list
Cake Van Frost Choc,28116,bakehouse,15.99,,PLU List Bakehouse.xlsx:print list
Cake Van Frost Choc V,23024,bakehouse,2.99,,PLU List Bakehouse.xlsx:print list
Cake Van Frost Choc V,28124,bakehouse,15.99,,PLU List Bakehouse.xlsx:print list
Cake Van Frost Matcha,32306,bakehouse,15.99,,PLU List Bakehouse.xlsx:print list
Cake Van Frost Straw,30781,bakehouse,15.99,,PLU List Bakehouse.xlsx:print list
Cake Van Frost Van,23019,bakehouse,2.99,,PLU List Bakehouse.xlsx:print list
Cake Van Frost Van,28117,bakehouse,15.99,,PLU List Bakehouse.xlsx:print list
Cake Van Frost Van Slice,23019,bakehouse,2.99,1 CT,Copy of PLU Costs.xlsx:Sheet4
Cake Van Frost Van V,23023,bakehouse,2.99,,PLU List Bakehouse.xlsx:print list
Cake Van Frost Van V,28125,bakehouse,15.99,,PLU List Bakehouse.xlsx:print list
Cake Van Ganache Frost Choc,28118,bakehouse,15.99,,PLU List Bakehouse.xlsx:print list
Cake Van Ganache Frost Choc V,28126,bakehouse,15.99,,PLU List Bakehouse.xlsx:print list
Cake Van Ganache Frost Van,28119,bakehouse,15.99,,PLU List Bakehouse.xlsx:print list
Cake Van Ganache Frost Van,28121,bakehouse,15.99,,PLU List Bakehouse.xlsx:print list
Cake Van Ganache Frost Van V,28127,bakehouse,15.99,,PLU List Bakehouse.xlsx:print list
Cake Van Rasp Frost Choc V,28128,bakehouse,15.99,,PLU List Bakehouse.xlsx:print list
Cake Van Rasp Frost Van,28123,bakehouse,15.99,,PLU List Bakehouse.xlsx:print list
Cake Van Rasp Frost Van V,28129,bakehouse,15.99,,PLU List Bakehouse.xlsx:print list
"Cake, Raspberry Chocolate Truffle",30781,existing,,,html+db
Caldo Verde 16 FZ,39648,deli,4.99,,PLU List Deli.xlsx:master
Caldo Verde 32 FZ,39647,deli,8.99,,PLU List Deli.xlsx:master
Camembert,40320,cheese,7.99,8.8 OZ,PLU LIST - Cheese.xlsx:Master
"Camembert, Gillot",40320,cheese,7.99,8.8 OZ,PLU LIST - Cheese.xlsx:Master
Candy Maple,2020,small-vendor,,,PLU List Small Vendor.xlsx
Carmelita,10923,small-vendor,,,PLU List Small Vendor.xlsx
Carob Peanut Clusters,14779,bulk,6.99,,PLU BULK Repack Sheet Master.xlsx:Master
"Carrot Cake - 6"" Cake Decoration",30771,existing,,,reclist
Carrot Cake Slice,10925,small-vendor,,,PLU List Small Vendor.xlsx
Carrot Dill 16 FZ,36728,deli,4.99,,PLU List Deli.xlsx:master
Carrot Dill 32 FZ,36727,deli,8.99,,PLU List Deli.xlsx:master
Carrot Ginger 16 FZ,36726,deli,4.99,,PLU List Deli.xlsx:master
Carrot Ginger 32 FZ,30278,deli,8.99,,PLU List Deli.xlsx:master
Carrot Ginger Soup,30888,existing,,,html+db
Carrot Osso Bucco White Bean,34738,deli,11.99,,PLU List Deli.xlsx:master
Carrots baby cnv,4560,produce,0.99,,produce-inventory-alt-id.csv
Carrots bunch cnv,4094,produce,2.59,,produce-inventory-alt-id.csv
Carrots loose cnv,4562,produce,1.49,,produce-inventory-alt-id.csv
Casatica Di Bufala,40301,cheese,5.99,LB,PLU LIST - Cheese.xlsx:Master
Cashew Butter,15620,bulk,12.99,,PLU BULK Repack Sheet Master.xlsx:Master
Cashew Cajun,13641,bulk,13.99,,PLU BULK Repack Sheet Master.xlsx:Master
Cashew Curry,13644,bulk,13.99,,PLU BULK Repack Sheet Master.xlsx:Master
Cashew Garam Masala,13598,bulk,13.99,,PLU BULK Repack Sheet Master.xlsx:Master
Cashew Sea Salt & Onion,15729,bulk,13.99,,PLU BULK Repack Sheet Master.xlsx:Master
Cashew Sriracha,15479,bulk,14.99,,PLU BULK Repack Sheet Master.xlsx:Master
Cashew Thai Spiced,13639,bulk,13.99,,PLU BULK Repack Sheet Master.xlsx:Master
Cashews Chocolate Covered,13025,bulk,14.99,,PLU BULK Repack Sheet Master.xlsx:Master
Catfish (Cajun),52659,fish,,,PLU List Meat Fish.xlsx:fish
Cauliflower cnv,4079,produce,2.99,,produce-inventory-alt-id.csv
Cauliflower colored cnv,4568,produce,0.00,,produce-inventory-alt-id.csv
Cauliflower florette,4566,produce,2.99,,produce-inventory-alt-id.csv
Cauliflower green cn,4567,produce,0.00,,produce-inventory-alt-id.csv
Cauliflower loc,84079,produce,2.99,,produce-inventory-alt-id.csv
Celebaration Cheddar Cheese Ball,38710,existing,,,reclist
Celery cnv,4070,produce,1.99,,produce-inventory-alt-id.csv
Celery cnv,4071,produce,1.99,,produce-inventory-alt-id.csv
Celery cnv,4576,produce,1.99,,produce-inventory-alt-id.csv
Chai Butternut 16 FZ,38419,deli,4.99,,PLU List Deli.xlsx:master
Chai Butternut 32 FZ,38418,deli,8.99,,PLU List Deli.xlsx:master
Challah Bread,30494,existing,,,reclist+html+db
Chamomilla,40614,cheese,18.99,LB,PLU LIST - Cheese.xlsx:Master
Char Arctic,51653,fish,,,PLU List Meat Fish.xlsx:fish
Cheddar,6983,small-vendor,,,PLU List Small Vendor.xlsx
Cheddar Bread,3721,small-vendor,,,PLU List Small Vendor.xlsx
Cheddar Smoked,40315,cheese,13.99,LB,PLU LIST - Cheese.xlsx:Master
"Cheddar, Caprese",42705,cheese,15.99,LB,PLU LIST - Cheese.xlsx:Master
"Cheddar, Clothbound",43710,cheese,24.99,LB,PLU LIST - Cheese.xlsx:Master
"Cheddar, Cotswold",40011,cheese,15.99,LB,PLU LIST - Cheese.xlsx:Master
"Cheddar, Cranberry Chipotle",40152,cheese,13.59,LB,PLU LIST - Cheese.xlsx:Master
"Cheddar, Leek",43719,cheese,10.49,LB,PLU LIST - Cheese.xlsx:Master
"Cheddar, McCadam Xsharp White Bulk",40049,cheese,7.99,LB,PLU LIST - Cheese.xlsx:Master
"Cheddar, McCadam Xsharp Yellow Bulk",40048,cheese,6.99,LB,PLU LIST - Cheese.xlsx:Master
"Cheddar, Milton Creamery Flory's Truckle",40307,cheese,21.99,,PLU LIST - Cheese.xlsx:Master
"Cheddar, Old Quebec",40085,cheese,18.99,LB,PLU LIST - Cheese.xlsx:Master
"Cheddar, Prairie Breeze",40404,cheese,16.99,LB,PLU LIST - Cheese.xlsx:Master
"Cheddar, Red Dragon",40036,cheese,18.99,LB,PLU LIST - Cheese.xlsx:Master
"Cheddar, Redmond 5 Spoke",40401,cheese,16.99,LB,PLU LIST - Cheese.xlsx:Master
"Cheddar, Sage Cheddar",40260,cheese,14.99,LB,PLU LIST - Cheese.xlsx:Master
"Cheddar, Sage Derby",41934,cheese,16.99,LB,PLU LIST - Cheese.xlsx:Master
"Cheddar, Twilight",48859,cheese,15.99,LB,PLU LIST - Cheese.xlsx:Master
Cheese Ravioli Case,53689,small-vendor,,,PLU List Small Vendor.xlsx
Cheesecake Cherry 6,28139,bakehouse,12.99,,PLU List Bakehouse.xlsx:print list
Cheesecake Cherry 9,22090,bakehouse,28.99,,PLU List Bakehouse.xlsx:print list
Cheesecake Cookies & Cream,28217,bakehouse,12.99,,PLU List Bakehouse.xlsx:print list
Cheesecake Cookies & Cream Slice,28220,bakehouse,3.99,,PLU List Bakehouse.xlsx:print list
Cheesecake Cookies Cream 9,22088,bakehouse,28.99,,PLU List Bakehouse.xlsx:print list
Cheesecake Ganache 6,28137,bakehouse,12.99,,PLU List Bakehouse.xlsx:print list
Cheesecake Ganache 9,28210,bakehouse,25.99,,PLU List Bakehouse.xlsx:print list
Cheesecake Ganache Slice,33497,bakehouse,3.99,,PLU List Bakehouse.xlsx:print list
Cheesecake Lemon Curd,28176,bakehouse,12.99,,PLU List Bakehouse.xlsx:print list
Cheesecake Lemon Curd 9,22086,bakehouse,28.99,,PLU List Bakehouse.xlsx:print list
Cheesecake Lemon Curd Slice,28175,bakehouse,3.99,,PLU List Bakehouse.xlsx:print list
Cheesecake Mocha,28219,bakehouse,12.99,,PLU List Bakehouse.xlsx:print list
Cheesecake Mocha 9,22089,bakehouse,28.99,,PLU List Bakehouse.xlsx:print list
Cheesecake Mocha Slice,28218,bakehouse,3.99,,PLU List Bakehouse.xlsx:print list
Cheesecake Plain,28136,bakehouse,12.99,,PLU List Bakehouse.xlsx:print list
Cheesecake Plain 9,22083,bakehouse,27.99,,PLU List Bakehouse.xlsx:print list
Cheesecake Plain Slice,32584,bakehouse,3.99,,PLU List Bakehouse.xlsx:print list
Cheesecake Pump,31762,bakehouse,12.99,,PLU List Bakehouse.xlsx:print list
Cheesecake Pump 6,31762,bakehouse,12.99,1 CT,Copy of PLU Costs.xlsx:Sheet4
Cheesecake Pump Slice,31763,bakehouse,3.99,,PLU List Bakehouse.xlsx:print list
Cheesecake Rasp,28138,bakehouse,12.99,,PLU List Bakehouse.xlsx:print list
Cheesecake Rasp Slice,23010,bakehouse,3.99,,PLU List Bakehouse.xlsx:print list
Cheesecake Raspberry 9,22087,bakehouse,28.99,,PLU List Bakehouse.xlsx:print list
Cheesecake Sponge 9,22084,bakehouse,28.99,,PLU List Bakehouse.xlsx:print list
Cheesecake Sponge Candy,22018,bakehouse,12.99,,PLU List Bakehouse.xlsx:print list
Cheesecake Sponge Slice,22017,bakehouse,3.99,,PLU List Bakehouse.xlsx:print list
Cherries 16 oz cnv,4475,produce,5.99,,produce-inventory-alt-id.csv
Cherries Balaton,17016,bulk,12.99,,PLU BULK Repack Sheet Master.xlsx:Master
Cherries golden cnv,4258,produce,5.99,,produce-inventory-alt-id.csv
Cherries Loose cnv,4045,produce,2.99,,produce-inventory-alt-id.csv
Cherries loose loc,84045,produce,5.99,,produce-inventory-alt-id.csv
Cherries Tart,16290,bulk,9.99,,PLU BULK Repack Sheet Master.xlsx:Master
Cherry Almond Bread,30790,existing,,,reclist
Cherry Berry Mix,17790,bulk,12.99,,PLU BULK Repack Sheet Master.xlsx:Master
"Chevre, Black Garlic",40609,cheese,6.99,4 OZ,PLU LIST - Cheese.xlsx:Master
"Chevre, Button Cracked Pepper",40479,cheese,19.99,LB,PLU LIST - Cheese.xlsx:Master
"Chevre, Button Herbes de Provence",40480,cheese,19.99,LB,PLU LIST - Cheese.xlsx:Master
"Chevre, Button Piment D'espelet",40481,cheese,19.99,LB,PLU LIST - Cheese.xlsx:Master
"Chevre, Garden Garlic",40414,cheese,9.99,8 OZ,PLU LIST - Cheese.xlsx:Master
"Chevre, Garlic & Dill",42810,cheese,7.99,7 OZ,PLU LIST - Cheese.xlsx:Master
"Chevre, Horseradish Parsley",40323,cheese,9.99,8 OZ,PLU LIST - Cheese.xlsx:Master
"Chevre, Humboldt Fog Mini",40116,cheese,27.99,16 OZ,PLU LIST - Cheese.xlsx:Master
"Chevre, Original",42811,cheese,7.99,7 OZ,PLU LIST - Cheese.xlsx:Master
"Chevre, Pine Nut Pesto",40412,cheese,9.99,8 OZ,PLU LIST - Cheese.xlsx:Master
"Chevre, Plain",40037,cheese,9.99,8 OZ,PLU LIST - Cheese.xlsx:Master
"Chevre, Rosemary Fig",40413,cheese,9.99,8 OZ,PLU LIST - Cheese.xlsx:Master
"Chevre, Smokey Maple",41945,cheese,7.99,7 OZ,PLU LIST - Cheese.xlsx:Master
"Chevre, Strawberry Goat",40129,cheese,9.99,8 OZ,PLU LIST - Cheese.xlsx:Master
"Chevre, Thyme & White Pepper",42812,cheese,7.99,7 OZ,PLU LIST - Cheese.xlsx:Master
Chia Seed Black OG,15012,bulk,3.99,,PLU BULK Repack Sheet Master.xlsx:Master
Chia Seed White OG,13485,bulk,9.99,,PLU BULK Repack Sheet Master.xlsx:Master
Chicken & Snow Peas,34784,deli,11.99,,PLU List Deli.xlsx:master
Chicken Breast Boneless,51646,meat,,,PLU List Meat Fish.xlsx:meat
Chicken Parmesan,33743,existing,,,fuzzy:Copy of PLU Costs.xlsx:Sheet4
Chickpea Escarole 16 FZ,32685,deli,4.99,,PLU List Deli.xlsx:master
Chickpea Escarole 32 FZ,32686,deli,8.99,,PLU List Deli.xlsx:master
Chili Beef 16 FZ,36707,deli,4.99,,PLU List Deli.xlsx:master
Chili Beef 32 FZ,30116,deli,8.99,,PLU List Deli.xlsx:master
Chili Cashew 16 FZ,36722,deli,4.99,,PLU List Deli.xlsx:master
Chili Cashew 32 FZ,36723,deli,8.99,,PLU List Deli.xlsx:master
Chili Chix 16 FZ,32648,deli,4.99,,PLU List Deli.xlsx:master
Chili Chix 32 FZ,32647,deli,8.99,,PLU List Deli.xlsx:master
Chili Chix Sweet Pot 16 FZ,36487,deli,4.99,,PLU List Deli.xlsx:master
Chili Chix Sweet Pot 32 FZ,36488,deli,8.99,,PLU List Deli.xlsx:master
Chili Chix White Bean 16 FZ,32420,deli,4.99,,PLU List Deli.xlsx:master
Chili Chix White Bean 32 FZ,32419,deli,8.99,,PLU List Deli.xlsx:master
Chili Lamb 16 FZ,34658,deli,4.99,,PLU List Deli.xlsx:master
Chili Lamb 32 FZ,34659,deli,8.99,,PLU List Deli.xlsx:master
Chili Pump Lentil 16 FZ,36768,deli,4.99,,PLU List Deli.xlsx:master
Chili Pump Lentil 32 FZ,30608,deli,8.99,,PLU List Deli.xlsx:master
Chili Sweet Potato 16 FZ,31769,deli,4.99,,PLU List Deli.xlsx:master
Chili Sweet Potato 32 FZ,31770,deli,8.99,,PLU List Deli.xlsx:master
Chili Turkey,30929,deli,4.99,16 FZ,Copy of PLU Costs.xlsx:Sheet4
Chili Turkey 16 FZ,36709,deli,4.99,,PLU List Deli.xlsx:master
Chili Turkey 32 FZ,30117,deli,8.99,,PLU List Deli.xlsx:master
Chix BBQ Whl Cold,30803,deli,8.99,,PLU List Deli.xlsx:master
Chix Breast Cajun,30213,deli,11.99,,PLU List Deli.xlsx:master
Chix Breast Lemon Pepper,30212,deli,11.99,,PLU List Deli.xlsx:master
Chix Breast Salt Pepper,38495,deli,11.99,,PLU List Deli.xlsx:master
Chix Cajun Whl Cold,30800,deli,8.99,,PLU List Deli.xlsx:master
Chix Cajun Whl Hot,37780,deli,8.99,,PLU List Deli.xlsx:master
Chix Craisy,30926,deli,11.99,,PLU List Deli.xlsx:master
Chix Finger Tray 20 CT,33421,deli,29.99,,PLU List Deli.xlsx:master
Chix Fingers,32456,deli,8.99,,PLU List Deli.xlsx:master
Chix Fingers LG,32457,deli,15.99,,PLU List Deli.xlsx:master
Chix Florentine 16 FZ,36747,deli,4.99,,PLU List Deli.xlsx:master
Chix Florentine 32 FZ,36748,deli,8.99,,PLU List Deli.xlsx:master
Chix Lemon Pepper Sl,31416,deli,11.99,LB,Copy of PLU Costs.xlsx:Sheet4
Chix Lemon Pepper Whl Cold,30801,deli,8.99,,PLU List Deli.xlsx:master
Chix Lemon Pepper Whl Hot,37781,deli,8.99,,PLU List Deli.xlsx:master
Chix Nashville Hot LG,37689,deli,11.99,,PLU List Deli.xlsx:master
Chix Noodle 16 FZ,36703,deli,4.99,,PLU List Deli.xlsx:master
Chix Noodle 32 FZ,30061,deli,8.99,,PLU List Deli.xlsx:master
Chix Noodle Asian 16 FZ,39655,deli,4.99,,PLU List Deli.xlsx:master
Chix Noodle Asian 32 FZ,39656,deli,8.99,,PLU List Deli.xlsx:master
Chix Old Bay Whl Cold,30802,deli,8.99,,PLU List Deli.xlsx:master
Chix Old Bay Whl Hot,37782,deli,8.99,,PLU List Deli.xlsx:master
Chix Rice 16 FZ,35403,deli,4.99,,PLU List Deli.xlsx:master
Chix Rice 32 FZ,35401,deli,8.99,,PLU List Deli.xlsx:master
Chix Roasted Hlf Cold,30807,deli,6.99,,PLU List Deli.xlsx:master
Chix Roasted Hlf Hot,37787,deli,6.99,,PLU List Deli.xlsx:master
Chix Rosemary Whl Cold,30805,deli,8.99,,PLU List Deli.xlsx:master
Chix Rosemary Whl Hot,37785,deli,8.99,,PLU List Deli.xlsx:master
Chix Salad Curry Lime Snack Pa,31748,deli,4.99,,PLU List Deli.xlsx:master
Chix Salt Pepper Whl Cold,30806,deli,8.99,,PLU List Deli.xlsx:master
Chix Salt Pepper Whl Hot,37786,deli,8.99,,PLU List Deli.xlsx:master
Chix Saus Gumbo 16 FZ,36802,deli,4.99,,PLU List Deli.xlsx:master
Chix Saus Gumbo 32 FZ,36801,deli,8.99,,PLU List Deli.xlsx:master
Chix Seasoned Whl Cold,30804,deli,8.99,,PLU List Deli.xlsx:master
Chix Wing 16 FZ,37685,deli,4.99,,PLU List Deli.xlsx:master
Chix Wing 32 FZ,37686,deli,8.99,,PLU List Deli.xlsx:master
Chix Wings BBQ 20 CT,32406,deli,15.99,,PLU List Deli.xlsx:master
Chix Wings Buffalo 20 CT,32405,deli,15.99,,PLU List Deli.xlsx:master
Chix Wings Garlic Parmesan 20 CT,38498,deli,15.99,,PLU List Deli.xlsx:master
Cho Cupcake w/ Cho Frost,28055,bakehouse,2.99,1 CT,Copy of PLU Costs.xlsx:Sheet4
Choc Cup PB 1 CT,28185,bakehouse,2.29,,PLU List Bakehouse.xlsx:print list
Choc Cup PB 2 CT,30388,bakehouse,4.49,,PLU List Bakehouse.xlsx:print list
Chocolate Chip Cookie,10920,small-vendor,,,PLU List Small Vendor.xlsx
Chocolate Chip Cookie,20864,code-book,,,Code Book PLUs.xlsx
Chocolate Chip Cookie Cake,20864,existing,,,fuzzy:Code Book PLUs.xlsx
Chocolate Chip Cookies,20864,existing,,,fuzzy:Code Book PLUs.xlsx
"Chocolate Chip Cookies, mini",30574,existing,,,html+db
Chocolate Covered Goji Berries,14799,bulk,13.99,,PLU BULK Repack Sheet Master.xlsx:Master
Chocolate Croissant,20863,code-book,,,Code Book PLUs.xlsx
Chocolate Mousse,30570,existing,,,reclist
Chowder Clam Manhattan 16 FZ,36415,deli,4.99,,PLU List Deli.xlsx:master
Chowder Clam Manhattan 32 FZ,36416,deli,8.99,,PLU List Deli.xlsx:master
Chowder Corn Basil 16 FZ,36733,deli,4.99,,PLU List Deli.xlsx:master
Chowder Corn Basil 32 FZ,36734,deli,8.99,,PLU List Deli.xlsx:master
Chowder Corn Ham 16 FZ,36743,deli,4.99,,PLU List Deli.xlsx:master
Chowder Corn Ham 32 FZ,36744,deli,8.99,,PLU List Deli.xlsx:master
Chowder Corn Roasted 16 FZ,36687,deli,4.99,,PLU List Deli.xlsx:master
Chowder Corn Roasted 32 FZ,36688,deli,8.99,,PLU List Deli.xlsx:master
Chowder New England 16 FZ,36739,deli,4.99,,PLU List Deli.xlsx:master
Chowder New England 32 FZ,30810,deli,8.99,,PLU List Deli.xlsx:master
Chowder Salmon 16 FZ,37668,deli,4.99,,PLU List Deli.xlsx:master
Chowder Salmon 32 FZ,37669,deli,8.99,,PLU List Deli.xlsx:master
Chowder Turkey Potato 16 FZ,31806,deli,4.99,,PLU List Deli.xlsx:master
Chowder Turkey Potato 32 FZ,31805,deli,8.99,,PLU List Deli.xlsx:master
Chutney Apricot Ginger,32356,deli,9.99,,PLU List Deli.xlsx:master
Chutney Mango,34811,deli,9.99,,PLU List Deli.xlsx:master
Ciabatta Roll,30586,bakehouse,,,Shrink Log Reference Bakehouse-Deli.xlsx:Bakehouse
Cinderella,40484,cheese,23.99,LB,PLU LIST - Cheese.xlsx:Master
Cinnamon Fig,60503,small-vendor,,,PLU List Small Vendor.xlsx
Cinnamon Raisin,3726,small-vendor,,,PLU List Small Vendor.xlsx
Cinnamon Roll Five Points,34500,bakehouse,2.75,,PLU List Bakehouse.xlsx:print list
Clam Chowder New England,36740,deli,8.99,32 FZ,Copy of PLU Costs.xlsx:Sheet4
Clams Fresh (1 CT),50405,fish,,,PLU List Meat Fish.xlsx:fish
Clams Fresh (12 CT),50406,fish,,,PLU List Meat Fish.xlsx:fish
Clams Fresh (Bag of 50) Bag of 50,50407,fish,,,PLU List Meat Fish.xlsx:fish
Cobbler Peach by LB,23026,bakehouse,7.99,,PLU List Bakehouse.xlsx:print list
Cobbler Peach Family Pack,23027,bakehouse,8.99,,PLU List Bakehouse.xlsx:print list
Cocktail Sauce,31590,deli,8.99,,PLU List Deli.xlsx:master
Cocoa Chia Granola OG,18614,bulk,4.99,,PLU BULK Repack Sheet Master.xlsx:Master
Coconut Chix Noodle 16 FZ,33726,deli,4.99,,PLU List Deli.xlsx:master
Coconut Chix Noodle 32 FZ,33727,deli,7.99,,PLU List Deli.xlsx:master
Coconut Date Rolls,16121,bulk,8.99,,PLU BULK Repack Sheet Master.xlsx:Master
Coconut Maple Toasted,17652,bulk,9.99,,PLU BULK Repack Sheet Master.xlsx:Master
Coconut Orange Macaroons,32958,existing,,,reclist
Coconut Shredded Medium OG,13650,bulk,3.49,,PLU BULK Repack Sheet Master.xlsx:Master
Coconut Shredded OG,13650,bulk,3.49,,PLU BULK Repack Sheet Master.xlsx:Master
Coconut Shredded OG,16240,bulk,3.49,,PLU BULK Repack Sheet Master.xlsx:Master
Coconuts with husk cnv,4260,produce,1.29,,produce-inventory-alt-id.csv
Cod Filets (Lemon & Pepper),53401,fish,,,PLU List Meat Fish.xlsx:fish
Cod Wild USA (Fresh),50684,fish,,,PLU List Meat Fish.xlsx:fish
Coffee 12 FL OZ,30335,deli,,,Shrink Log Reference Bakehouse-Deli.xlsx:PFD_Deli
Coffee 16 FL OZ,30107,deli,,,Shrink Log Reference Bakehouse-Deli.xlsx:PFD_Deli
Coffee Cake Appl Cin,30444,bakehouse,7.99,,PLU List Bakehouse.xlsx:print list
Coffee Cake Muffin,22804,code-book,,,Code Book PLUs.xlsx
Coffee Large 16 FZ,30107,deli,1.99,16 FZ,Copy of PLU Costs.xlsx:Sheet4
Coffee Sm 12 FZ,30335,deli,1.69,12 FZ,Copy of PLU Costs.xlsx:Sheet4
Cole Slaw Ultimate,30302,deli,5.99,,PLU List Deli.xlsx:master
Coleslaw (classic),34653,existing,,,fuzzy:PLU List Deli.xlsx:master
Coleslaw Classic,34653,deli,7.99,,PLU List Deli.xlsx:master
Coleslaw Sweet And Sour,30634,deli,6.99,,PLU List Deli.xlsx:master
Cookie,30523,bakehouse,,,Shrink Log Reference Bakehouse-Deli.xlsx:Bakehouse
Cookie Choc Chip 4 CT,30574,bakehouse,2.99,,PLU List Bakehouse.xlsx:print list
Cookie Choc Chip Alm V 4 CT,32726,bakehouse,2.99,,PLU List Bakehouse.xlsx:print list
Cookie Choc Chip Dbl 4 CT V,22010,bakehouse,2.99,,PLU List Bakehouse.xlsx:print list
Cookie Choc Chip Dbl Mini 12 C,31706,bakehouse,7.99,,PLU List Bakehouse.xlsx:print list
Cookie Choc Chip Mini 12 CT,31705,bakehouse,7.99,,PLU List Bakehouse.xlsx:print list
Cookie Chocolate Protein,20078,bakehouse,2.49,,PLU List Bakehouse.xlsx:print list
Cookie Cowgirl 4 CT,32725,bakehouse,2.99,,PLU List Bakehouse.xlsx:print list
Cookie Dbl Choc Pep 12 CT V,28164,bakehouse,7.99,12 CT,Copy of PLU Costs.xlsx:Sheet4
Cookie Dbl Choc Pep 4 CT V,32723,bakehouse,2.99,,PLU List Bakehouse.xlsx:print list
Cookie Ginger Molasses 4 CT,32724,bakehouse,2.99,,PLU List Bakehouse.xlsx:print list
Cookie Holiday Sweet Begin,30501,bakehouse,14.99,,PLU List Bakehouse.xlsx:print list
Cookie Oatmeal Raisin Mini,30551,bakehouse,2.99,4 CT,Copy of PLU Costs.xlsx:Sheet4
Cookie Rasp Thumbprint 4 CT,32955,bakehouse,3.99,,PLU List Bakehouse.xlsx:print list
Cookie Snickerdoodle 4 CT,32956,bakehouse,2.99,,PLU List Bakehouse.xlsx:print list
Cookie Sugar,3160,bakehouse,2.49,1 CT,Copy of PLU Costs.xlsx:Sheet4
Cookie Sugar,31608,bakehouse,2.49,,PLU List Bakehouse.xlsx:print list
Cookie Sugar Choc,22081,bakehouse,2.49,,PLU List Bakehouse.xlsx:print list
Cookie Tahini,30351,bakehouse,1.99,,PLU List Bakehouse.xlsx:print list
Cookie Vegan,30503,bakehouse,1.99,1 CT,Copy of PLU Costs.xlsx:Sheet4
Cookies Assorted Platter,23006,bakehouse,15.99,1 CT,Copy of PLU Costs.xlsx:Sheet4
Cookies PB 4 CT,23005,bakehouse,4.99,,PLU List Bakehouse.xlsx:print list
Cookies PB 4 CT V,23004,bakehouse,3.99,,PLU List Bakehouse.xlsx:print list
Copano Blues Brand Shrimp Capona Blues,38490,fish,,,PLU List Meat Fish.xlsx:fish
Corn cnv,4077,produce,0.33,,produce-inventory-alt-id.csv
Corn cnv,4078,produce,0.33,,produce-inventory-alt-id.csv
Corn Local Sweet cnv,4590,produce,0.33,,produce-inventory-alt-id.csv
Corn Nuts Roasted Salted,14785,bulk,2.99,,PLU BULK Repack Sheet Master.xlsx:Master
Corned Beef and Cabbage,35683,deli,10.99,24 OZ,Copy of PLU Costs.xlsx:Sheet4
Couscous Israeli,30091,deli,8.99,,PLU List Deli.xlsx:master
Cowgirl Cookie,20869,code-book,,,Code Book PLUs.xlsx
Cowgirl Cookies,432725,existing,,,reclist
CR Cake Choc Chip Cookie,700023,deli,15.99,9 IN,Copy of PLU Costs.xlsx:Sheet4
CR Dip Chicken Wing,700011,deli,13.99,32 OZ,Copy of PLU Costs.xlsx:Sheet4
CR Dip Guacamole,700010,deli,15.99,32 OZ,Copy of PLU Costs.xlsx:Sheet4
Crab Cakes,56653,fish,,,PLU List Meat Fish.xlsx:fish
Crab Legs King,50558,fish,,,PLU List Meat Fish.xlsx:fish
Crab Soft Shell,52487,fish,,,PLU List Meat Fish.xlsx:fish
Cran Claws Stone,52492,fish,,,PLU List Meat Fish.xlsx:fish
Cranberries Chocolate Covered,15799,bulk,14.99,,PLU BULK Repack Sheet Master.xlsx:Master
Cranberries CNV,16151,bulk,3.49,,PLU BULK Repack Sheet Master.xlsx:Master
Cranberries OG,17590,bulk,7.49,,PLU BULK Repack Sheet Master.xlsx:Master
Cranberries w/ Apple Juice OG,16150,bulk,9.99,,PLU BULK Repack Sheet Master.xlsx:Master
Cranberry Citrus Relish,30409,existing,,,reclist
Cranberry Orange Bread,25015,existing,,,reclist
Cranberry Walnut Cookie,20873,code-book,,,Code Book PLUs.xlsx
Cream Asparagus 16 FZ,36823,deli,4.99,,PLU List Deli.xlsx:master
Cream Asparagus 32 FZ,33308,deli,8.99,,PLU List Deli.xlsx:master
Cream Broccoli 16 FZ,36735,deli,4.99,,PLU List Deli.xlsx:master
Cream Broccoli 32 FZ,36736,deli,8.99,,PLU List Deli.xlsx:master
Cream Cheese,40090,deli,3.99,,PLU List Deli.xlsx:master
Cream Cheese - Farmer's Market,30616,existing,,,reclist
Cream Cheese - Lox Spread,30658,existing,,,reclist
Cream Cheese Frosting,40090,existing,,,fuzzy:PLU List Deli.xlsx:master
Cream Cheese Garlic Chive,30613,deli,6.99,,PLU List Deli.xlsx:master
Cream Cheese Lox,30658,deli,8.99,,PLU List Deli.xlsx:master
Cream of Artichoke 16 FZ,36690,deli,4.99,,PLU List Deli.xlsx:master
Cream of Artichoke 32 FZ,36689,deli,8.99,,PLU List Deli.xlsx:master
Cream Tom 16 FZ,31641,deli,4.99,,PLU List Deli.xlsx:master
Cream Tom 32 FZ,31642,deli,8.99,,PLU List Deli.xlsx:master
Cream Tom Ched 16 FZ,36732,deli,4.99,,PLU List Deli.xlsx:master
Cream Tom Ched 32 FZ,36731,deli,8.99,,PLU List Deli.xlsx:master
Cream Top Yogurt Quart,5040,small-vendor,,,PLU List Small Vendor.xlsx
Cream Whipped,35585,bakehouse,9.99,,PLU List Bakehouse.xlsx:print list
Creekstone Beef Back Ribs,55715,meat,,,PLU List Meat Fish.xlsx:meat
Creekstone Beef Brisket,55711,meat,,,PLU List Meat Fish.xlsx:meat
Creekstone Beef Burger Black Blue,57663,meat,,,PLU List Meat Fish.xlsx:meat
Creekstone Beef Burger Cheddar Bacon Lex,55712,meat,,,PLU List Meat Fish.xlsx:meat
Creekstone Beef Burger Mushroom Swiss,57665,meat,,,PLU List Meat Fish.xlsx:meat
Creekstone Beef Burger Tuscan,57664,meat,,,PLU List Meat Fish.xlsx:meat
Creekstone Beef Chuck Roast,55714,meat,,,PLU List Meat Fish.xlsx:meat
Creekstone Beef Eye Of Round,55731,meat,,,PLU List Meat Fish.xlsx:meat
Creekstone Beef Ground,55718,meat,,,PLU List Meat Fish.xlsx:meat
Creekstone Beef Ground Family Pack,55717,meat,,,PLU List Meat Fish.xlsx:meat
Creekstone Beef Kabob Meat,55719,meat,,,PLU List Meat Fish.xlsx:meat
Creekstone Beef Meatball Tuscan,51795,meat,,,PLU List Meat Fish.xlsx:meat
Creekstone Beef Ox Tail,55649,meat,,,PLU List Meat Fish.xlsx:meat
Creekstone Beef Pork Ground Blend,56856,meat,,,PLU List Meat Fish.xlsx:meat
Creekstone Beef Regular Burger,55723,meat,,,PLU List Meat Fish.xlsx:meat
Creekstone Beef Rib Roast Bone In,54587,meat,,,PLU List Meat Fish.xlsx:meat
Creekstone Beef Rib Roast Boneless,54586,meat,,,PLU List Meat Fish.xlsx:meat
Creekstone Beef Rib Steak Bone In,56645,meat,,,PLU List Meat Fish.xlsx:meat
Creekstone Beef Roast Round Bottom,55725,meat,,,PLU List Meat Fish.xlsx:meat
Creekstone Beef Roast Round Rump,55781,meat,,,PLU List Meat Fish.xlsx:meat
Creekstone Beef Roast Shoulder,56648,meat,,,PLU List Meat Fish.xlsx:meat
Creekstone Beef Roast Sirloin Tip Roast,56641,meat,,,PLU List Meat Fish.xlsx:meat
Creekstone Beef Roast Top Round,55780,meat,,,PLU List Meat Fish.xlsx:meat
Creekstone Beef Roast Tri Tip Roast,56652,meat,,,PLU List Meat Fish.xlsx:meat
Creekstone Beef Short Ribs Boneless,51819,meat,,,PLU List Meat Fish.xlsx:meat
Creekstone Beef Sirloin Tip Sandwich steak,56642,meat,,,PLU List Meat Fish.xlsx:meat
Creekstone Beef Skirt Maple Rosemary,55721,meat,,,PLU List Meat Fish.xlsx:meat
Creekstone Beef Slider,57679,meat,,,PLU List Meat Fish.xlsx:meat
Creekstone Beef Slider Bacon Cheddar,57675,meat,,,PLU List Meat Fish.xlsx:meat
Creekstone Beef Slider Black Blue,57676,meat,,,PLU List Meat Fish.xlsx:meat
Creekstone Beef Slider Mushroom Swiss,57678,meat,,,PLU List Meat Fish.xlsx:meat
Creekstone Beef Slider Tuscan,57677,meat,,,PLU List Meat Fish.xlsx:meat
Creekstone Beef Steak Bottom Round,56646,meat,,,PLU List Meat Fish.xlsx:meat
Creekstone Beef Steak Chuck,55730,meat,,,PLU List Meat Fish.xlsx:meat
Creekstone Beef Steak Chuck Eye Delmonico,55713,meat,,,PLU List Meat Fish.xlsx:meat
Creekstone Beef Steak Flank,55729,meat,,,PLU List Meat Fish.xlsx:meat
Creekstone Beef Steak Flat Iron,55732,meat,,,PLU List Meat Fish.xlsx:meat
Creekstone Beef Steak Hanger,55733,meat,,,PLU List Meat Fish.xlsx:meat
Creekstone Beef Steak Porter House,55722,meat,,,PLU List Meat Fish.xlsx:meat
Creekstone Beef Steak Porter House Thin,56647,meat,,,PLU List Meat Fish.xlsx:meat
Creekstone Beef Steak Ribeye,55724,meat,,,PLU List Meat Fish.xlsx:meat
Creekstone Beef Steak Ribeye Thin,56640,meat,,,PLU List Meat Fish.xlsx:meat
Creekstone Beef Steak Shoulder,55726,meat,,,PLU List Meat Fish.xlsx:meat
Creekstone Beef Steak Sirloin,55727,meat,,,PLU List Meat Fish.xlsx:meat
Creekstone Beef Steak Sirloin Tip,55728,meat,,,PLU List Meat Fish.xlsx:meat
Creekstone Beef Steak Sirloin Tip Thin,56649,meat,,,PLU List Meat Fish.xlsx:meat
Creekstone Beef Steak Skirt,54406,meat,,,PLU List Meat Fish.xlsx:meat
Creekstone Beef Steak Strip,55736,meat,,,PLU List Meat Fish.xlsx:meat
Creekstone Beef Steak Strip Thin,56643,meat,,,PLU List Meat Fish.xlsx:meat
Creekstone Beef Steak T-Bone,55737,meat,,,PLU List Meat Fish.xlsx:meat
Creekstone Beef Steak T-Bone Thin,56650,meat,,,PLU List Meat Fish.xlsx:meat
Creekstone Beef Steak Top Round,55782,meat,,,PLU List Meat Fish.xlsx:meat
Creekstone Beef Steak Top Round Thin,56651,meat,,,PLU List Meat Fish.xlsx:meat
Creekstone Beef Stew Meat,55734,meat,,,PLU List Meat Fish.xlsx:meat
Creekstone Beef Stir Fry,55735,meat,,,PLU List Meat Fish.xlsx:meat
CREEKSTONE Beef Tenderloin,50409,meat,,,PLU List Meat Fish.xlsx:meat
CREEKSTONE Beef Tenderloin Halves,50430,meat,,,PLU List Meat Fish.xlsx:meat
Creekstone Beef Tri Tips,55720,meat,,,PLU List Meat Fish.xlsx:meat
Creekstone Bone Marrow Beef,55648,meat,,,PLU List Meat Fish.xlsx:meat
Creekstone Meatball Beef Bacon Cheddar,57660,meat,,,PLU List Meat Fish.xlsx:meat
CREEKSTONE Meatball Chorizo,57659,meat,,,PLU List Meat Fish.xlsx:meat
CREEKSTONE Meatball Pork Bacon Jalapeno,57655,meat,,,PLU List Meat Fish.xlsx:meat
CREEKSTONE Meatball Pork Blue Cheese Herb,57656,meat,,,PLU List Meat Fish.xlsx:meat
CREEKSTONE Meatball Pork Italian Hot,57657,meat,,,PLU List Meat Fish.xlsx:meat
CREEKSTONE Meatball Pork Italian Mild,57658,meat,,,PLU List Meat Fish.xlsx:meat
Creekstone Meatloaf Oven Ready,51651,meat,,,PLU List Meat Fish.xlsx:meat
Creekstone Pork Boston Butt Steak Blns,51688,meat,,,PLU List Meat Fish.xlsx:meat
CREEKSTONE Pork Chop Bone In Loin,55755,meat,,,PLU List Meat Fish.xlsx:meat
CREEKSTONE Pork Chop Bone In Rib,55754,meat,,,PLU List Meat Fish.xlsx:meat
CREEKSTONE Pork Chop Bone In Thin Slice,55751,meat,,,PLU List Meat Fish.xlsx:meat
CREEKSTONE Pork Chop Boneless,55750,meat,,,PLU List Meat Fish.xlsx:meat
CREEKSTONE Pork Chop Boneless Family Pack,55753,meat,,,PLU List Meat Fish.xlsx:meat
CREEKSTONE Pork Chop Boneless Thin,55752,meat,,,PLU List Meat Fish.xlsx:meat
CREEKSTONE Pork Chop Sirloin Boneless,53489,meat,,,PLU List Meat Fish.xlsx:meat
CREEKSTONE Pork Chop Stuffed,52491,meat,,,PLU List Meat Fish.xlsx:meat
CREEKSTONE Pork Ground,55756,meat,,,PLU List Meat Fish.xlsx:meat
CREEKSTONE Pork Loin Whole Boneless,50431,meat,,,PLU List Meat Fish.xlsx:meat
CREEKSTONE Pork Ribs Baby Back,55758,meat,,,PLU List Meat Fish.xlsx:meat
CREEKSTONE Pork Ribs Country Style,55759,meat,,,PLU List Meat Fish.xlsx:meat
CREEKSTONE Pork Ribs Country Style Bnl,57487,meat,,,PLU List Meat Fish.xlsx:meat
CREEKSTONE Pork Ribs Country Style Boneless BBQ,55760,meat,,,PLU List Meat Fish.xlsx:meat
CREEKSTONE Pork Ribs St Loius Style,55775,meat,,,PLU List Meat Fish.xlsx:meat
CREEKSTONE Pork Roast Boneless,57649,meat,,,PLU List Meat Fish.xlsx:meat
CREEKSTONE Pork Roast Boneless Pork Butt,55761,meat,,,PLU List Meat Fish.xlsx:meat
CREEKSTONE Pork Slider Bacon Jalapeno,57670,meat,,,PLU List Meat Fish.xlsx:meat
CREEKSTONE Pork Slider Blue Cheese Herb,57671,meat,,,PLU List Meat Fish.xlsx:meat
CREEKSTONE Pork Slider Chorizo,57674,meat,,,PLU List Meat Fish.xlsx:meat
CREEKSTONE Pork Slider Italian Hot,57672,meat,,,PLU List Meat Fish.xlsx:meat
CREEKSTONE Pork Slider Italian Mild,57673,meat,,,PLU List Meat Fish.xlsx:meat
CREEKSTONE Pork Tenderloin,57648,meat,,,PLU List Meat Fish.xlsx:meat
CREEKSTONE Pork Tenderloin Savory Stuffed,50693,meat,,,PLU List Meat Fish.xlsx:meat
CREEKSTONE Pork Tenderloin Stuff w/Apple Cornbread,50692,meat,,,PLU List Meat Fish.xlsx:meat
CREEKSTONE Sausage Bacon Jalapeno,53648,meat,,,PLU List Meat Fish.xlsx:meat
CREEKSTONE Sausage Banger,56655,meat,,,PLU List Meat Fish.xlsx:meat
CREEKSTONE Sausage Blue Cheese Herb,53649,meat,,,PLU List Meat Fish.xlsx:meat
CREEKSTONE Sausage Chorizo,56656,meat,,,PLU List Meat Fish.xlsx:meat
CREEKSTONE Sausage Pork Brats,55765,meat,,,PLU List Meat Fish.xlsx:meat
CREEKSTONE Sausage Pork Breakfast,55766,meat,,,PLU List Meat Fish.xlsx:meat
CREEKSTONE Sausage Pork Hot Italian,55767,meat,,,PLU List Meat Fish.xlsx:meat
CREEKSTONE Sausage Pork Mild Italian,55768,meat,,,PLU List Meat Fish.xlsx:meat
CREEKSTONE Sausage Pork Polish,56654,meat,,,PLU List Meat Fish.xlsx:meat
Crisp Apple Cran V,30526,bakehouse,6.99,,PLU List Bakehouse.xlsx:print list
Croissant,30535,bakehouse,1.99,,PLU List Bakehouse.xlsx:print list
Croissant (plain only),30535,bakehouse,,,Shrink Log Reference Bakehouse-Deli.xlsx:Bakehouse
Crostini (Little Toasters),30939,deli,6.99,,PLU List Deli.xlsx:master
Croutons,60523,small-vendor,,,PLU List Small Vendor.xlsx
Croutons Fresh,30326,deli,7.99,,PLU List Deli.xlsx:master
Croutons V,30626,deli,7.99,,PLU List Deli.xlsx:master
Cucumber cnv,4062,produce,0.69,,produce-inventory-alt-id.csv
Cucumber english cnv,4593,produce,1.99,,produce-inventory-alt-id.csv
Cucumber hydro cnv,6829,produce,0.00,,produce-inventory-alt-id.csv
Cucumber hydro cnv,6831,produce,0.00,,produce-inventory-alt-id.csv
Cucumber pickling cn,4596,produce,0.15,,produce-inventory-alt-id.csv
Cup Choc Frost Bl Lemon 1 CT,22074,bakehouse,5.99,,PLU List Bakehouse.xlsx:print list
Cup Choc Frost Bl Lemon 1 CT V,22076,bakehouse,2.99,,PLU List Bakehouse.xlsx:print list
Cup Choc Frost Bl Lemon 4 CT,22073,bakehouse,5.99,,PLU List Bakehouse.xlsx:print list
Cup Choc Frost Bl Lemon 4 CT V,22075,bakehouse,5.99,,PLU List Bakehouse.xlsx:print list
Cup Choc Frost Caramel 1CT,22013,bakehouse,2.99,,PLU List Bakehouse.xlsx:print list
Cup Choc Frost Caramel 4 CT,22014,bakehouse,5.99,,PLU List Bakehouse.xlsx:print list
Cup Choc Frost Cherry A 1 CT V,28103,bakehouse,2.99,,PLU List Bakehouse.xlsx:print list
Cup Choc Frost Cherry A 4 CT V,28050,bakehouse,5.99,4 CT,Copy of PLU Costs.xlsx:Sheet4
Cup Choc Frost Cherry Al 1 CT,28060,bakehouse,2.99,,PLU List Bakehouse.xlsx:print list
Cup Choc Frost Cherry Al 4 CT,28006,bakehouse,5.99,,PLU List Bakehouse.xlsx:print list
Cup Choc Frost Cherry Al 4 CT V,28050,bakehouse,5.99,,PLU List Bakehouse.xlsx:print list
Cup Choc Frost Choc 1 CT,28005,bakehouse,2.99,,PLU List Bakehouse.xlsx:print list
Cup Choc Frost Choc 1 CT V,28097,bakehouse,2.99,,PLU List Bakehouse.xlsx:print list
Cup Choc Frost Choc 4 CT,28001,bakehouse,5.99,,PLU List Bakehouse.xlsx:print list
Cup Choc Frost Choc 4 CT V,28044,bakehouse,5.99,,PLU List Bakehouse.xlsx:print list
Cup Choc Frost Choc Pep 1 CT V,28152,bakehouse,2.99,,PLU List Bakehouse.xlsx:print list
Cup Choc Frost Choc Pep 4 CT V,28151,bakehouse,5.99,,PLU List Bakehouse.xlsx:print list
Cup Choc Frost Cin 1 CT,28063,bakehouse,2.99,,PLU List Bakehouse.xlsx:print list
Cup Choc Frost Cin 1 CT V,28106,bakehouse,2.99,,PLU List Bakehouse.xlsx:print list
Cup Choc Frost Cin 4 CT,28010,bakehouse,5.99,,PLU List Bakehouse.xlsx:print list
Cup Choc Frost Cin 4 CT V,28053,bakehouse,5.99,,PLU List Bakehouse.xlsx:print list
Cup Choc Frost Coffee 1 CT,28211,bakehouse,2.99,,PLU List Bakehouse.xlsx:print list
Cup Choc Frost Coffee 4 CT,28212,bakehouse,5.99,,PLU List Bakehouse.xlsx:print list
Cup Choc Frost Cookie 1 CT,28065,bakehouse,2.99,,PLU List Bakehouse.xlsx:print list
Cup Choc Frost Cookie 1 CT V,28100,bakehouse,2.99,,PLU List Bakehouse.xlsx:print list
Cup Choc Frost Cookie 4 CT,28003,bakehouse,5.99,,PLU List Bakehouse.xlsx:print list
Cup Choc Frost Cookie 4 CT V,28047,bakehouse,5.99,,PLU List Bakehouse.xlsx:print list
Cup Choc Frost Ganache 1 Ct V,28105,bakehouse,2.99,,PLU List Bakehouse.xlsx:print list
Cup Choc Frost Ganache 4 Ct V,28052,bakehouse,5.99,,PLU List Bakehouse.xlsx:print list
Cup Choc Frost Matcha 1 CT,28007,bakehouse,2.99,,PLU List Bakehouse.xlsx:print list
Cup Choc Frost Matcha 1 CT V,28104,bakehouse,2.99,,PLU List Bakehouse.xlsx:print list
Cup Choc Frost Matcha 4 CT,28061,bakehouse,5.99,,PLU List Bakehouse.xlsx:print list
Cup Choc Frost Matcha 4 CT V,28051,bakehouse,5.99,,PLU List Bakehouse.xlsx:print list
Cup Choc Frost Mocha 1 CT,28153,bakehouse,2.99,,PLU List Bakehouse.xlsx:print list
Cup Choc Frost Mocha 1 CT V,28101,bakehouse,2.99,,PLU List Bakehouse.xlsx:print list
Cup Choc Frost Mocha 4 CT,28154,bakehouse,5.99,,PLU List Bakehouse.xlsx:print list
Cup Choc Frost Mocha 4 CT V,28048,bakehouse,5.99,,PLU List Bakehouse.xlsx:print list
Cup Choc Frost Orange 1 CT,28170,bakehouse,2.99,,PLU List Bakehouse.xlsx:print list
Cup Choc Frost Orange 1 CT V,28205,bakehouse,2.99,,PLU List Bakehouse.xlsx:print list
Cup Choc Frost Orange 4 CT,28169,bakehouse,5.99,,PLU List Bakehouse.xlsx:print list
Cup Choc Frost Orange 4 CT V,28204,bakehouse,5.99,,PLU List Bakehouse.xlsx:print list
Cup Choc Frost Pb 1 CT,28155,bakehouse,2.99,,PLU List Bakehouse.xlsx:print list
Cup Choc Frost Pb 1 CT V,28099,bakehouse,2.99,,PLU List Bakehouse.xlsx:print list
Cup Choc Frost Pb 4 CT,35647,bakehouse,5.99,,PLU List Bakehouse.xlsx:print list
Cup Choc Frost Pb 4 CT V,28046,bakehouse,5.99,,PLU List Bakehouse.xlsx:print list
Cup Choc Frost Pep 1 CT,28168,bakehouse,2.99,,PLU List Bakehouse.xlsx:print list
Cup Choc Frost Pep 4 CT,28166,bakehouse,5.99,,PLU List Bakehouse.xlsx:print list
Cup Choc Frost Pepmint 1 CT V,32969,bakehouse,2.99,,PLU List Bakehouse.xlsx:print list
Cup Choc Frost Pepmint 4 CT V,32970,bakehouse,5.99,,PLU List Bakehouse.xlsx:print list
Cup Choc Frost Rasp 1 CT,28059,bakehouse,2.99,,PLU List Bakehouse.xlsx:print list
Cup Choc Frost Rasp 1 CT V,28102,bakehouse,2.99,,PLU List Bakehouse.xlsx:print list
Cup Choc Frost Rasp 4 CT,35649,bakehouse,5.99,,PLU List Bakehouse.xlsx:print list
Cup Choc Frost Rasp 4 CT V,28049,bakehouse,5.99,,PLU List Bakehouse.xlsx:print list
Cup Choc Frost Sponge 1 CT,28171,bakehouse,2.99,,PLU List Bakehouse.xlsx:print list
Cup Choc Frost Sponge 4 CT,28172,bakehouse,5.99,,PLU List Bakehouse.xlsx:print list
Cup Choc Frost Straw 1 CT,22028,bakehouse,2.99,,PLU List Bakehouse.xlsx:print list
Cup Choc Frost Straw 1 CT V,28150,bakehouse,2.99,,PLU List Bakehouse.xlsx:print list
Cup Choc Frost Straw 4 CT,22029,bakehouse,5.99,,PLU List Bakehouse.xlsx:print list
Cup Choc Frost Straw 4 CT V,28149,bakehouse,5.99,,PLU List Bakehouse.xlsx:print list
Cup Choc Frost Van 1 CT,28056,bakehouse,2.99,,PLU List Bakehouse.xlsx:print list
Cup Choc Frost Van 1 CT V,28098,bakehouse,2.99,,PLU List Bakehouse.xlsx:print list
Cup Choc Frost Van 4 CT,28002,bakehouse,5.99,,PLU List Bakehouse.xlsx:print list
Cup Choc Frost Van 4 CT V,28045,bakehouse,5.99,,PLU List Bakehouse.xlsx:print list
Cup Choc Frost White Choc 1 CT,28064,bakehouse,2.99,,PLU List Bakehouse.xlsx:print list
Cup Choc Frost White Choc 4 CT,28011,bakehouse,5.99,,PLU List Bakehouse.xlsx:print list
Cup Choc PB 1 CT,28185,bakehouse,2.29,1 CT,Copy of PLU Costs.xlsx:Sheet4
Cup Ganache Frost Choc 1 CT,28062,bakehouse,2.99,,PLU List Bakehouse.xlsx:print list
Cup Ganache Frost Choc 4 CT,28009,bakehouse,5.99,,PLU List Bakehouse.xlsx:print list
Cup Mix Cherry Al Frost 4 CT,32968,bakehouse,5.99,,PLU List Bakehouse.xlsx:print list
Cup Mix Cookie Frost 4 CT,32967,bakehouse,5.99,,PLU List Bakehouse.xlsx:print list
Cup Mix Frost Choc 4 CT,32964,bakehouse,5.99,,PLU List Bakehouse.xlsx:print list
Cup Mix Frost Choc 4 CT V,24539,bakehouse,5.99,4 CT,Copy of PLU Costs.xlsx:Sheet4
Cup Mix Frost PB 4 CT,32966,bakehouse,5.99,,PLU List Bakehouse.xlsx:print list
Cup Mix Frost Rasp 4 CT,32965,bakehouse,5.99,,PLU List Bakehouse.xlsx:print list
Cup Mix Frost Van 4 CT,32963,bakehouse,5.99,,PLU List Bakehouse.xlsx:print list
Cup Mix Frost Van 4 CT V,24538,bakehouse,5.99,4 CT,Copy of PLU Costs.xlsx:Sheet4
Cup Stout 1 CT,28161,bakehouse,2.99,,PLU List Bakehouse.xlsx:print list
Cup Stout 4 CT,30796,bakehouse,5.99,,PLU List Bakehouse.xlsx:print list
Cup Van Frost Bl Lemon 1 CT,28156,bakehouse,2.99,,PLU List Bakehouse.xlsx:print list
Cup Van Frost Bl Lemon 1 CT V,28088,bakehouse,2.99,,PLU List Bakehouse.xlsx:print list
Cup Van Frost Bl Lemon 4 CT,35640,bakehouse,5.99,,PLU List Bakehouse.xlsx:print list
Cup Van Frost Bl Lemon 4 CT V,28035,bakehouse,5.99,,PLU List Bakehouse.xlsx:print list
Cup Van Frost Caramel 1 CT,22015,bakehouse,2.99,,PLU List Bakehouse.xlsx:print list
Cup Van Frost Caramel 4 CT,22016,bakehouse,5.99,,PLU List Bakehouse.xlsx:print list
Cup Van Frost Cherry 1 CT,28157,bakehouse,2.99,,PLU List Bakehouse.xlsx:print list
Cup Van Frost Cherry 4 CT,35652,bakehouse,5.99,,PLU List Bakehouse.xlsx:print list
Cup Van Frost Cherry 4 CT V,28037,bakehouse,5.99,4 CT,Copy of PLU Costs.xlsx:Sheet4
Cup Van Frost Cherry Al 1 CT,28074,bakehouse,2.99,,PLU List Bakehouse.xlsx:print list
Cup Van Frost Cherry Al 1 CT V,28090,bakehouse,2.99,,PLU List Bakehouse.xlsx:print list
Cup Van Frost Cherry Al 4 CT,28021,bakehouse,5.99,,PLU List Bakehouse.xlsx:print list
Cup Van Frost Cherry Al 4 CT V,28037,bakehouse,5.99,,PLU List Bakehouse.xlsx:print list
Cup Van Frost Choc 1 CT,28066,bakehouse,2.99,,PLU List Bakehouse.xlsx:print list
Cup Van Frost Choc 1 CT V,28082,bakehouse,2.99,,PLU List Bakehouse.xlsx:print list
Cup Van Frost Choc 4 CT,28013,bakehouse,5.99,,PLU List Bakehouse.xlsx:print list
Cup Van Frost Choc 4 CT V,28029,bakehouse,5.99,,PLU List Bakehouse.xlsx:print list
Cup Van Frost Choc Pep 1 CT V,28148,bakehouse,2.99,,PLU List Bakehouse.xlsx:print list
Cup Van Frost Choc Pep 4 CT V,28147,bakehouse,5.99,,PLU List Bakehouse.xlsx:print list
Cup Van Frost Cin 1 CT,28158,bakehouse,2.99,,PLU List Bakehouse.xlsx:print list
Cup Van Frost Cin 1 CT V,28093,bakehouse,2.99,,PLU List Bakehouse.xlsx:print list
Cup Van Frost Cin 4 CT,28028,bakehouse,5.99,,PLU List Bakehouse.xlsx:print list
Cup Van Frost Cin 4 CT V,28040,bakehouse,5.99,,PLU List Bakehouse.xlsx:print list
Cup Van Frost Coffee 1 CT,28213,bakehouse,2.99,,PLU List Bakehouse.xlsx:print list
Cup Van Frost Coffee 1 CT V,28208,bakehouse,2.99,,PLU List Bakehouse.xlsx:print list
Cup Van Frost Coffee 4 CT,28214,bakehouse,5.99,,PLU List Bakehouse.xlsx:print list
Cup Van Frost Coffee 4 CT V,28209,bakehouse,5.99,,PLU List Bakehouse.xlsx:print list
Cup Van Frost Cookie 1 CT,28069,bakehouse,2.99,,PLU List Bakehouse.xlsx:print list
Cup Van Frost Cookie 1 CT V,28085,bakehouse,2.99,,PLU List Bakehouse.xlsx:print list
Cup Van Frost Cookie 4 CT,28016,bakehouse,5.99,,PLU List Bakehouse.xlsx:print list
Cup Van Frost Cookie 4 CT V,28032,bakehouse,5.99,,PLU List Bakehouse.xlsx:print list
Cup Van Frost Ganache 1 CT,28076,bakehouse,2.99,,PLU List Bakehouse.xlsx:print list
Cup Van Frost Ganache 1 CT V,28092,bakehouse,2.99,,PLU List Bakehouse.xlsx:print list
Cup Van Frost Ganache 4 CT,28023,bakehouse,5.99,,PLU List Bakehouse.xlsx:print list
Cup Van Frost Ganache 4 CT V,28039,bakehouse,5.99,,PLU List Bakehouse.xlsx:print list
Cup Van Frost Lemon 1 CT V,28086,bakehouse,2.99,,PLU List Bakehouse.xlsx:print list
Cup Van Frost Lemon 4 CT,28017,bakehouse,5.99,,PLU List Bakehouse.xlsx:print list
Cup Van Frost Lemon 4 CT V,28033,bakehouse,5.99,,PLU List Bakehouse.xlsx:print list
Cup Van Frost Matcha 1 CT,28075,bakehouse,2.99,,PLU List Bakehouse.xlsx:print list
Cup Van Frost Matcha 4 CT,28022,bakehouse,5.99,,PLU List Bakehouse.xlsx:print list
Cup Van Frost Matcha CT 1 V,28091,bakehouse,2.99,,PLU List Bakehouse.xlsx:print list
Cup Van Frost Matcha CT 4 V,28038,bakehouse,5.99,,PLU List Bakehouse.xlsx:print list
Cup Van Frost Mocha 1 CT,28071,bakehouse,2.99,,PLU List Bakehouse.xlsx:print list
Cup Van Frost Mocha 1 CT V,28087,bakehouse,2.99,,PLU List Bakehouse.xlsx:print list
Cup Van Frost Mocha 4 CT,28018,bakehouse,5.99,,PLU List Bakehouse.xlsx:print list
Cup Van Frost Mocha 4 CT V,28034,bakehouse,5.99,,PLU List Bakehouse.xlsx:print list
Cup Van Frost Orange 1 CT,28159,bakehouse,2.99,,PLU List Bakehouse.xlsx:print list
Cup Van Frost Orange 1 CT V,28094,bakehouse,2.99,,PLU List Bakehouse.xlsx:print list
Cup Van Frost Orange 4 CT,35641,bakehouse,5.99,,PLU List Bakehouse.xlsx:print list
Cup Van Frost Orange 4 CT V,28041,bakehouse,5.99,,PLU List Bakehouse.xlsx:print list
Cup Van Frost Pb 1 CT,28068,bakehouse,2.99,,PLU List Bakehouse.xlsx:print list
Cup Van Frost Pb 1 CT V,28084,bakehouse,2.99,,PLU List Bakehouse.xlsx:print list
Cup Van Frost Pb 4 CT,28015,bakehouse,5.99,,PLU List Bakehouse.xlsx:print list
Cup Van Frost Pb 4 CT V,28031,bakehouse,5.99,,PLU List Bakehouse.xlsx:print list
Cup Van Frost Pep 1 CT,28167,bakehouse,2.99,,PLU List Bakehouse.xlsx:print list
Cup Van Frost Pep 4 CT,28165,bakehouse,5.99,,PLU List Bakehouse.xlsx:print list
Cup Van Frost Pepmint 1 CT V,32971,bakehouse,2.99,,PLU List Bakehouse.xlsx:print list
Cup Van Frost Pepmint 1 CT V,32972,bakehouse,5.99,,PLU List Bakehouse.xlsx:print list
Cup Van Frost Rasp 1 CT V,28089,bakehouse,2.99,,PLU List Bakehouse.xlsx:print list
Cup Van Frost Rasp 4 CT V,28036,bakehouse,5.99,,PLU List Bakehouse.xlsx:print list
Cup Van Frost Rasp L 1 CT V,28162,bakehouse,2.99,,PLU List Bakehouse.xlsx:print list
Cup Van Frost Rasp L 4 CT V,28042,bakehouse,5.99,,PLU List Bakehouse.xlsx:print list
Cup Van Frost Rasp Lime 1 CT,28079,bakehouse,2.99,,PLU List Bakehouse.xlsx:print list
Cup Van Frost Rasp Lime 4 CT,28026,bakehouse,5.99,,PLU List Bakehouse.xlsx:print list
Cup Van Frost Sponge 1 CT,28173,bakehouse,2.99,,PLU List Bakehouse.xlsx:print list
Cup Van Frost Sponge 4 CT,28174,bakehouse,5.99,,PLU List Bakehouse.xlsx:print list
Cup Van Frost Straw 1 CT,22027,bakehouse,2.99,,PLU List Bakehouse.xlsx:print list
Cup Van Frost Straw 1 CT V,28146,bakehouse,2.99,,PLU List Bakehouse.xlsx:print list
Cup Van Frost Straw 4 CT,22026,bakehouse,5.99,,PLU List Bakehouse.xlsx:print list
Cup Van Frost Straw 4 CT V,28145,bakehouse,5.99,,PLU List Bakehouse.xlsx:print list
Cup Van Frost Van 1 CT,28067,bakehouse,2.99,,PLU List Bakehouse.xlsx:print list
Cup Van Frost Van 1 CT V,28083,bakehouse,2.99,,PLU List Bakehouse.xlsx:print list
Cup Van Frost Van 4 CT,28014,bakehouse,5.99,,PLU List Bakehouse.xlsx:print list
Cup Van Frost Van 4 CT V,28030,bakehouse,5.99,,PLU List Bakehouse.xlsx:print list
Cup Van Frost Van 4 CT V,28083,bakehouse,2.99,1 CT,Copy of PLU Costs.xlsx:Sheet4
Cup Van Frost Wh Choc 1 CT,28025,bakehouse,5.99,,PLU List Bakehouse.xlsx:print list
Cup Van Frost Wh Choc 4 CT,28078,bakehouse,2.99,,PLU List Bakehouse.xlsx:print list
Cup Vani Frost Rasp 4 CT,28162,bakehouse,5.99,,PLU List Bakehouse.xlsx:print list
Cup Vanilla Frosting Rasp 1 CT,28163,bakehouse,2.99,,PLU List Bakehouse.xlsx:print list
Curds Plain,40317,cheese,4.99,8 OZ,PLU LIST - Cheese.xlsx:Master
Curds Roasted Garlic,40316,cheese,4.99,8 OZ,PLU LIST - Cheese.xlsx:Master
Currants OG,13422,bulk,5.99,,PLU BULK Repack Sheet Master.xlsx:Master
Curried Cauliflower Carrots,30037,deli,7.99,,PLU List Deli.xlsx:master
Curried Cauliflower with Carrots,30037,existing,,,reclist+html+db
Curry Lime Chicken Salad with Mango and Cashews,30600,existing,,,reclist+html+db
Cut out Cookie 1.3 OZ,6511,small-vendor,,,PLU List Small Vendor.xlsx
Cut out Cookie 6 OZ,6510,small-vendor,,,PLU List Small Vendor.xlsx
Cut Out Cookies,31608,existing,,,html+db
Cut-out Cookie,10922,small-vendor,,,PLU List Small Vendor.xlsx
D'ARTAGNAN Beef Wagyu Burgers,53706,meat,,,PLU List Meat Fish.xlsx:meat
D'ARTAGNAN Chicken Breast Boneless Organic,52407,meat,,,PLU List Meat Fish.xlsx:meat
D'ARTAGNAN Chicken Breast Split Organic,52411,meat,,,PLU List Meat Fish.xlsx:meat
D'ARTAGNAN Chicken Drumstick Organic,52415,meat,,,PLU List Meat Fish.xlsx:meat
D'ARTAGNAN Chicken Legs Organic,52417,meat,,,PLU List Meat Fish.xlsx:meat
D'ARTAGNAN Chicken Tenders,52410,meat,,,PLU List Meat Fish.xlsx:meat
D'ARTAGNAN Chicken Thigh Organic,52409,meat,,,PLU List Meat Fish.xlsx:meat
D'ARTAGNAN Chicken Whole Organic,52408,meat,,,PLU List Meat Fish.xlsx:meat
D'ARTAGNAN Chicken Wings Organic,52416,meat,,,PLU List Meat Fish.xlsx:meat
D'ARTAGNAN Duck Breast Half Magret,50673,meat,,,PLU List Meat Fish.xlsx:meat
D'ARTAGNAN Duck Liver,52422,meat,,,PLU List Meat Fish.xlsx:meat
D'ARTAGNAN Goose,50679,meat,,,PLU List Meat Fish.xlsx:meat
D'ARTAGNAN Ham Bone-In Uncured,52494,meat,,,PLU List Meat Fish.xlsx:meat
D'ARTAGNAN Pheasant,51603,meat,,,PLU List Meat Fish.xlsx:meat
D'ARTAGNAN Turkey Whole OG,51761,meat,,,PLU List Meat Fish.xlsx:meat
D'ARTAGNAN Young Capon,50585,meat,,,PLU List Meat Fish.xlsx:meat
Dancing Buffalo Polka,6165,small-vendor,,,PLU List Small Vendor.xlsx
Dark Amber 32 FZ,11462,small-vendor,,,PLU List Small Vendor.xlsx
Dark Amber 64 FZ,11453,small-vendor,,,PLU List Small Vendor.xlsx
Date Pieces,14788,bulk,3.99,,PLU BULK Repack Sheet Master.xlsx:Master
Dates cnv,3047,produce,6.99,,produce-inventory-alt-id.csv
Dates cnv,4263,produce,8.99,,produce-inventory-alt-id.csv
Dates Medjool,16236,bulk,7.99,,PLU BULK Repack Sheet Master.xlsx:Master
Deli Falafel,30269,deli,8.99,,Copy of PLU Costs.xlsx:Sheet4
Deli Ginger & Lime Butter,30104,deli,5.49,,Copy of PLU Costs.xlsx:Sheet4
Deli Potatoes Mashed Garlic 3,30452,deli,14.99,,Copy of PLU Costs.xlsx:Sheet4
Delish Fish,14784,bulk,8.99,,PLU BULK Repack Sheet Master.xlsx:Master
Dessert Junko 14.99,37713,bakehouse,14.99,,Copy of PLU Costs.xlsx:Sheet4
Dessert Junko 16.99,37714,bakehouse,16.99,,Copy of PLU Costs.xlsx:Sheet4
Dessert Junko 2.29,37705,bakehouse,2.29,,Copy of PLU Costs.xlsx:Sheet4
Dessert Tart Fruit,31783,bakehouse,6.99,1 CT,Copy of PLU Costs.xlsx:Sheet4
Deviled Eggs,30591,existing,,,reclist
Dill Pickle Rye,60524,small-vendor,,,PLU List Small Vendor.xlsx
"Dill, Bunched",4891,local-produce,,,"Local Produce Codes, August 2017 JC.docx"
Dinner Roll (50¢),33500,bakehouse,,,Shrink Log Reference Bakehouse-Deli.xlsx:Bakehouse
Dip - Garlic Hummus,30327,existing,,,reclist
Dip Artichoke Spinach,30102,deli,8.99,,PLU List Deli.xlsx:master
Dip Asiago Artichoke,31808,deli,8.99,,PLU List Deli.xlsx:master
Dip Bean Refried,30820,deli,8.99,,PLU List Deli.xlsx:master
Dip Bean White Curry,30672,deli,8.99,,PLU List Deli.xlsx:master
Dip Bomb Diggity Dill,30231,deli,8.99,,PLU List Deli.xlsx:master
Dip Buffalo Cauliflower LG,39652,deli,9.99,,PLU List Deli.xlsx:master
Dip Buffalo Cauliflower V,36657,deli,8.99,,PLU List Deli.xlsx:master
Dip Chicken Wing LB,33683,deli,8.99,,PLU List Deli.xlsx:master
Dip Chicken Wing LG,36653,deli,9.99,,PLU List Deli.xlsx:master
Dip Everything Bagel,31732,deli,6.99,,PLU List Deli.xlsx:master
Dip Feta,30427,deli,8.99,,PLU List Deli.xlsx:master
Dip Grinch,30015,deli,8.99,,PLU List Deli.xlsx:master
Dip Onion Sweet,30435,deli,8.99,,PLU List Deli.xlsx:master
Dip Pesto Basil,30026,deli,8.99,,PLU List Deli.xlsx:master
Dough Pizza Fresh,31733,deli,2.29,,PLU List Deli.xlsx:master
Dough Pre Baked 4 CT,30195,deli,4.99,,PLU List Deli.xlsx:master
Dough Spelt 2 CT,30196,deli,5.99,,PLU List Deli.xlsx:master
Dressing - Maple Vinaigrette,30050,existing,,,reclist
Egg Fritata,30583,deli,6.99,,Copy of PLU Costs.xlsx:Sheet4
Egg Salad,30588,existing,,,fuzzy:PLU List Deli.xlsx:master
Egg Salad Sandwich,30588,existing,,,fuzzy:PLU List Deli.xlsx:master
Eggplant baby cnv,4599,produce,1.79,,produce-inventory-alt-id.csv
Eggplant chinese cnv,3089,produce,1.79,,produce-inventory-alt-id.csv
Eggplant cnv,4081,produce,1.99,,produce-inventory-alt-id.csv
Eggplant Italian,4603,produce,1.79,,produce-inventory-alt-id.csv
Eggplant japanese cn,4601,produce,1.79,,produce-inventory-alt-id.csv
Eggplant Romesco Sauce,38504,deli,7.99,,PLU List Deli.xlsx:master
Eggplant white cnv,4602,produce,1.79,,produce-inventory-alt-id.csv
Eggs Deviled,30591,deli,4.99,,PLU List Deli.xlsx:master
Eggs Hard Boiled,33415,deli,1.99,,PLU List Deli.xlsx:master
Elephant Ear,22077,bakehouse,,,Shrink Log Reference Bakehouse-Deli.xlsx:Bakehouse
Emerald Sesame Kale,30190,existing,,,reclist
Endive cnv,4543,produce,1.79,,produce-inventory-alt-id.csv
Espresso Beans OG Chocolate Covered,13200,bulk,12.99,,PLU BULK Repack Sheet Master.xlsx:Master
Event Bake Item 2 Dollar T,50055,bakehouse,1.84,,Copy of PLU Costs.xlsx:Sheet4
Event Bake Item 3 Dollar T,100512,bakehouse,2.76,,Copy of PLU Costs.xlsx:Sheet4
Event Bake Item 8 Dollar,100513,bakehouse,8,,Copy of PLU Costs.xlsx:Sheet4
Event Meal Deal 8 Dollar T,100506,deli,7.36,1 CT,Copy of PLU Costs.xlsx:Sheet4
Event Pretzel,100502,deli,1.84,,Copy of PLU Costs.xlsx:Sheet4
Event Pretzel Combo,100501,deli,4.6,,Copy of PLU Costs.xlsx:Sheet4
Falafel,30269,existing,,,fuzzy:Copy of PLU Costs.xlsx:Sheet4
Falafel Sauce,30269,existing,,,fuzzy:Copy of PLU Costs.xlsx:Sheet4
Fall Flower,2071,small-vendor,,,PLU List Small Vendor.xlsx
Farmers Cheese,6977,small-vendor,,,PLU List Small Vendor.xlsx
Farro Tabbouleh,33725,deli,8.99,LB,Copy of PLU Costs.xlsx:Sheet4
Fennel cnv,4515,produce,2.99,,produce-inventory-alt-id.csv
Feta,42817,cheese,15.99,LB,PLU LIST - Cheese.xlsx:Master
Figs Black Mission OG,16140,bulk,8.99,,PLU BULK Repack Sheet Master.xlsx:Master
Figs fresh cnv,6789,produce,3.99,,produce-inventory-alt-id.csv
Figs kalamata dried string cnv,5705,produce,3.99,,produce-inventory-alt-id.csv
Figs Mission OG,15031,bulk,6.99,,PLU BULK Repack Sheet Master.xlsx:Master
Figs White Turkish,16195,bulk,6.99,,PLU BULK Repack Sheet Master.xlsx:Master
FingerLakes Farms Beef Bones Grass Fed,51711,meat,,,PLU List Meat Fish.xlsx:meat
FingerLakes Farms Beef Brisket,50644,meat,,,PLU List Meat Fish.xlsx:meat
FingerLakes Farms Beef Chuck Roast,52493,meat,,,PLU List Meat Fish.xlsx:meat
FingerLakes Farms Beef Steak Chuck,53415,meat,,,PLU List Meat Fish.xlsx:meat
FingerLakes Farms Beef Steak Chuck Eye,53416,meat,,,PLU List Meat Fish.xlsx:meat
FingerLakes Farms Beef Steak Ribeye Boneless,57643,meat,,,PLU List Meat Fish.xlsx:meat
FingerLakes Farms Beef Steak Strip Boneless,57642,meat,,,PLU List Meat Fish.xlsx:meat
FingerLakes Farms Beef Stir Fry,57645,meat,,,PLU List Meat Fish.xlsx:meat
FingerLakes Farms Beef Tenderloin FLF,50713,meat,,,PLU List Meat Fish.xlsx:meat
FingerLakes Farms Beef Top Round Cutlets,57644,meat,,,PLU List Meat Fish.xlsx:meat
FingerLakes Farms Beef Top Round Roast,56644,meat,,,PLU List Meat Fish.xlsx:meat
FingerLakes Farms Beef Top Round Steak,57641,meat,,,PLU List Meat Fish.xlsx:meat
FingerLakes Farms Chicken Feet,50795,meat,,,PLU List Meat Fish.xlsx:meat
FingerLakes Farms Chicken Livers,53707,meat,,,PLU List Meat Fish.xlsx:meat
FingerLakes Farms Duck Whole Pasture,50998,meat,,,PLU List Meat Fish.xlsx:meat
FingerLakes Farms Ham Whole Natural,52488,meat,,,PLU List Meat Fish.xlsx:meat
FingerLakes Farms Lamb Denver Ribs,50732,meat,,,PLU List Meat Fish.xlsx:meat
FingerLakes Farms Lamb Ground,51401,meat,,,PLU List Meat Fish.xlsx:meat
FingerLakes Farms Lamb Leg,50725,meat,,,PLU List Meat Fish.xlsx:meat
FingerLakes Farms Lamb Leg BRT,50714,meat,,,PLU List Meat Fish.xlsx:meat
FingerLakes Farms Lamb Liver,50731,meat,,,PLU List Meat Fish.xlsx:meat
FingerLakes Farms Lamb Loin Chop FF,50642,meat,,,PLU List Meat Fish.xlsx:meat
FingerLakes Farms Lamb Rack FF,50643,meat,,,PLU List Meat Fish.xlsx:meat
FingerLakes Farms Lamb Shank,50733,meat,,,PLU List Meat Fish.xlsx:meat
FingerLakes Farms Lamb Stew,52709,meat,,,PLU List Meat Fish.xlsx:meat
FingerLakes Farms Prime Rib Boneless FLF,50715,meat,,,PLU List Meat Fish.xlsx:meat
FingerLakes Farms Rabbit Fresh,50495,meat,,,PLU List Meat Fish.xlsx:meat
Five Points Cinnabun,34500,bakehouse,,,Shrink Log Reference Bakehouse-Deli.xlsx:Bakehouse
Flatbread,16552,small-vendor,,,PLU List Small Vendor.xlsx
Floral Non-Taxable,1029,produce,10.29,,produce-inventory-alt-id.csv
Floral Non-Taxable,1059,produce,10.59,,produce-inventory-alt-id.csv
Floral Non-Taxable,1099,produce,10.99,,produce-inventory-alt-id.csv
Floral Non-Taxable,1199,produce,11.99,,produce-inventory-alt-id.csv
Floral Non-Taxable,129,produce,1.29,,produce-inventory-alt-id.csv
Floral Non-Taxable,1299,produce,12.99,,produce-inventory-alt-id.csv
Floral Non-Taxable,1399,produce,13.99,,produce-inventory-alt-id.csv
Floral Non-Taxable,149,produce,1.49,,produce-inventory-alt-id.csv
Floral Non-Taxable,1499,produce,14.99,,produce-inventory-alt-id.csv
Floral Non-Taxable,159,produce,1.59,,produce-inventory-alt-id.csv
Floral Non-Taxable,1599,produce,15.99,,produce-inventory-alt-id.csv
Floral Non-Taxable,1699,produce,16.99,,produce-inventory-alt-id.csv
Floral Non-Taxable,179,produce,1.79,,produce-inventory-alt-id.csv
Floral Non-Taxable,1799,produce,17.99,,produce-inventory-alt-id.csv
Floral Non-Taxable,1899,produce,18.99,,produce-inventory-alt-id.csv
Floral Non-Taxable,199,produce,1.99,,produce-inventory-alt-id.csv
Floral Non-Taxable,1999,produce,19.99,,produce-inventory-alt-id.csv
Floral Non-Taxable,2199,produce,21.99,,produce-inventory-alt-id.csv
Floral Non-Taxable,229,produce,2.29,,produce-inventory-alt-id.csv
Floral Non-Taxable,2399,produce,23.99,,produce-inventory-alt-id.csv
Floral Non-Taxable,249,produce,2.49,,produce-inventory-alt-id.csv
Floral Non-Taxable,259,produce,2.59,,produce-inventory-alt-id.csv
Floral Non-Taxable,2599,produce,25.99,,produce-inventory-alt-id.csv
Floral Non-Taxable,279,produce,2.79,,produce-inventory-alt-id.csv
Floral Non-Taxable,2799,produce,27.99,,produce-inventory-alt-id.csv
Floral Non-Taxable,299,produce,2.99,,produce-inventory-alt-id.csv
Floral Non-Taxable,2999,produce,29.99,,produce-inventory-alt-id.csv
Floral Non-Taxable,329,produce,3.29,,produce-inventory-alt-id.csv
Floral Non-Taxable,349,produce,3.49,,produce-inventory-alt-id.csv
Floral Non-Taxable,359,produce,3.59,,produce-inventory-alt-id.csv
Floral Non-Taxable,379,produce,3.79,,produce-inventory-alt-id.csv
Floral Non-Taxable,399,produce,3.99,,produce-inventory-alt-id.csv
Floral Non-Taxable,429,produce,4.29,,produce-inventory-alt-id.csv
Floral Non-Taxable,449,produce,4.49,,produce-inventory-alt-id.csv
Floral Non-Taxable,459,produce,4.59,,produce-inventory-alt-id.csv
Floral Non-Taxable,479,produce,4.79,,produce-inventory-alt-id.csv
Floral Non-Taxable,499,produce,4.99,,produce-inventory-alt-id.csv
Floral Non-Taxable,529,produce,5.29,,produce-inventory-alt-id.csv
Floral Non-Taxable,549,produce,5.49,,produce-inventory-alt-id.csv
Floral Non-Taxable,559,produce,5.59,,produce-inventory-alt-id.csv
Floral Non-Taxable,579,produce,5.79,,produce-inventory-alt-id.csv
Floral Non-Taxable,599,produce,5.99,,produce-inventory-alt-id.csv
Floral Non-Taxable,629,produce,6.29,,produce-inventory-alt-id.csv
Floral Non-Taxable,659,produce,6.59,,produce-inventory-alt-id.csv
Floral Non-Taxable,699,produce,6.99,,produce-inventory-alt-id.csv
Floral Non-Taxable,729,produce,7.29,,produce-inventory-alt-id.csv
Floral Non-Taxable,759,produce,7.59,,produce-inventory-alt-id.csv
Floral Non-Taxable,799,produce,7.99,,produce-inventory-alt-id.csv
Floral Non-Taxable,829,produce,8.29,,produce-inventory-alt-id.csv
Floral Non-Taxable,859,produce,8.59,,produce-inventory-alt-id.csv
Floral Non-Taxable,899,produce,8.99,,produce-inventory-alt-id.csv
Floral Non-Taxable,929,produce,9.29,,produce-inventory-alt-id.csv
Floral Non-Taxable,959,produce,9.59,,produce-inventory-alt-id.csv
Floral Non-Taxable,999,produce,9.99,,produce-inventory-alt-id.csv
Flounder Fillets,50575,fish,,,PLU List Meat Fish.xlsx:fish
Flourless Brownies,30599,existing,,,reclist
"Fontina, Fontal",40014,cheese,11.99,LB,PLU LIST - Cheese.xlsx:Master
Free Hertel Coffee PLU,1678,deli,1.99,1 CT,Copy of PLU Costs.xlsx:Sheet4
FREEBIRD Chicken 1/2 BBQ FB,55738,meat,,,PLU List Meat Fish.xlsx:meat
FREEBIRD Chicken 1/2 Cajun,52823,meat,,,PLU List Meat Fish.xlsx:meat
FREEBIRD Chicken 1/2 Lemon & Pepper,52826,meat,,,PLU List Meat Fish.xlsx:meat
FREEBIRD Chicken 1/2 Sesame Ginger,52821,meat,,,PLU List Meat Fish.xlsx:meat
FREEBIRD Chicken 1/2 Tuscan,52825,meat,,,PLU List Meat Fish.xlsx:meat
FREEBIRD Chicken 8 pc Cut Up FB,55739,meat,,,PLU List Meat Fish.xlsx:meat
FREEBIRD Chicken Breast Boneless (Family Pack),57647,meat,,,PLU List Meat Fish.xlsx:meat
FREEBIRD Chicken Breasts BBQ,50496,meat,,,PLU List Meat Fish.xlsx:meat
FREEBIRD Chicken Breasts Bnl OG,53357,meat,,,PLU List Meat Fish.xlsx:meat
FREEBIRD Chicken Breasts Boneless Bnl Skinless,51044,meat,,,PLU List Meat Fish.xlsx:meat
FREEBIRD Chicken Breasts Boneless Cajun,50494,meat,,,PLU List Meat Fish.xlsx:meat
FREEBIRD Chicken Breasts Chiavetta,55355,meat,,,PLU List Meat Fish.xlsx:meat
FREEBIRD Chicken Breasts Chimi Churri,55356,meat,,,PLU List Meat Fish.xlsx:meat
FREEBIRD Chicken Breasts Curry,53654,meat,,,PLU List Meat Fish.xlsx:meat
FREEBIRD Chicken Breasts Lemon & Pepper,50498,meat,,,PLU List Meat Fish.xlsx:meat
FREEBIRD Chicken Breasts Maple Bourbon,53644,meat,,,PLU List Meat Fish.xlsx:meat
FREEBIRD Chicken Breasts Split,51043,meat,,,PLU List Meat Fish.xlsx:meat
FREEBIRD Chicken Breasts Stuffed,52489,meat,,,PLU List Meat Fish.xlsx:meat
FREEBIRD Chicken Breasts Tuscan Style,50497,meat,,,PLU List Meat Fish.xlsx:meat
FREEBIRD Chicken Broiler Split FB,55740,meat,,,PLU List Meat Fish.xlsx:meat
FREEBIRD Chicken Cutlets,51487,meat,,,PLU List Meat Fish.xlsx:meat
FREEBIRD Chicken Cutlets Organic,53591,meat,,,PLU List Meat Fish.xlsx:meat
FREEBIRD Chicken Drums BBQ,52798,meat,,,PLU List Meat Fish.xlsx:meat
FREEBIRD Chicken Drums Cajun,52799,meat,,,PLU List Meat Fish.xlsx:meat
FREEBIRD Chicken Drums Lemon & Pepper,52802,meat,,,PLU List Meat Fish.xlsx:meat
FREEBIRD Chicken Drums Natural,51046,meat,,,PLU List Meat Fish.xlsx:meat
FREEBIRD Chicken Drums Sesame Ginger,52797,meat,,,PLU List Meat Fish.xlsx:meat
FREEBIRD Chicken Drums Tuscan,52801,meat,,,PLU List Meat Fish.xlsx:meat
FREEBIRD Chicken drumsticks Family Pack,51814,meat,,,PLU List Meat Fish.xlsx:meat
FREEBIRD Chicken Drumsticks OG,51354,meat,,,PLU List Meat Fish.xlsx:meat
FREEBIRD Chicken Garlic Herb Bone-in breasts,53651,meat,,,PLU List Meat Fish.xlsx:meat
FREEBIRD Chicken Garlic Herb Boneless breasts,55742,meat,,,PLU List Meat Fish.xlsx:meat
FREEBIRD Chicken Ground Dark FB,55743,meat,,,PLU List Meat Fish.xlsx:meat
FREEBIRD Chicken Ground Organic,53590,meat,,,PLU List Meat Fish.xlsx:meat
FREEBIRD Chicken Ground White,55744,meat,,,PLU List Meat Fish.xlsx:meat
FREEBIRD Chicken Kabobs,51488,meat,,,PLU List Meat Fish.xlsx:meat
FREEBIRD Chicken Leg Quarters,51040,meat,,,PLU List Meat Fish.xlsx:meat
FREEBIRD Chicken Legs Whole,51047,meat,,,PLU List Meat Fish.xlsx:meat
FREEBIRD Chicken Legs Whole Organic,53589,meat,,,PLU List Meat Fish.xlsx:meat
FREEBIRD Chicken Slider Bell Pepper,57667,meat,,,PLU List Meat Fish.xlsx:meat
FREEBIRD Chicken Slider Black Bean,57668,meat,,,PLU List Meat Fish.xlsx:meat
FREEBIRD Chicken Slider Ginger Scallion,57669,meat,,,PLU List Meat Fish.xlsx:meat
FREEBIRD Chicken Slider Tuscan,57666,meat,,,PLU List Meat Fish.xlsx:meat
FREEBIRD Chicken Tenderloins,51049,meat,,,PLU List Meat Fish.xlsx:meat
FREEBIRD Chicken Tenderloins BBQ,52816,meat,,,PLU List Meat Fish.xlsx:meat
FREEBIRD Chicken Tenderloins Cajun,52817,meat,,,PLU List Meat Fish.xlsx:meat
FREEBIRD Chicken Tenderloins Family Pack,51817,meat,,,PLU List Meat Fish.xlsx:meat
FREEBIRD Chicken Tenderloins Lemon & Pepper,52820,meat,,,PLU List Meat Fish.xlsx:meat
FREEBIRD Chicken Tenderloins Organic,53587,meat,,,PLU List Meat Fish.xlsx:meat
FREEBIRD Chicken Tenderloins Sesame Ginger,52815,meat,,,PLU List Meat Fish.xlsx:meat
FREEBIRD Chicken Tenderloins Tuscan,52819,meat,,,PLU List Meat Fish.xlsx:meat
FREEBIRD Chicken Thighs BBQ Bone in,52804,meat,,,PLU List Meat Fish.xlsx:meat
FREEBIRD Chicken Thighs Boneless,51041,meat,,,PLU List Meat Fish.xlsx:meat
FREEBIRD Chicken Thighs Boneless BBQ,55746,meat,,,PLU List Meat Fish.xlsx:meat
FREEBIRD Chicken Thighs Boneless Cajun,55747,meat,,,PLU List Meat Fish.xlsx:meat
FREEBIRD Chicken Thighs Boneless Chimichurri,53647,meat,,,PLU List Meat Fish.xlsx:meat
FREEBIRD Chicken Thighs Boneless Curry,53655,meat,,,PLU List Meat Fish.xlsx:meat
FREEBIRD Chicken Thighs Boneless Family Pack,51816,meat,,,PLU List Meat Fish.xlsx:meat
FREEBIRD Chicken Thighs Boneless Lemon Pepper,53653,meat,,,PLU List Meat Fish.xlsx:meat
FREEBIRD Chicken Thighs Boneless Maple Bourbon BBQ,53645,meat,,,PLU List Meat Fish.xlsx:meat
FREEBIRD Chicken Thighs Boneless Organic,53588,meat,,,PLU List Meat Fish.xlsx:meat
FREEBIRD Chicken Thighs Boneless Sesame Ginger,55745,meat,,,PLU List Meat Fish.xlsx:meat
FREEBIRD Chicken Thighs Boneless Tuscan,53652,meat,,,PLU List Meat Fish.xlsx:meat
FREEBIRD Chicken Thighs Cajun Bone in,52805,meat,,,PLU List Meat Fish.xlsx:meat
FREEBIRD Chicken Thighs Lemon & Pepper Bone in,52808,meat,,,PLU List Meat Fish.xlsx:meat
FREEBIRD Chicken Thighs Natural,51045,meat,,,PLU List Meat Fish.xlsx:meat
FREEBIRD Chicken Thighs Natural Family Pack,51815,meat,,,PLU List Meat Fish.xlsx:meat
FREEBIRD Chicken Thighs OG,51356,meat,,,PLU List Meat Fish.xlsx:meat
FREEBIRD Chicken Thighs Sesame Ginger Bone in,52803,meat,,,PLU List Meat Fish.xlsx:meat
FREEBIRD Chicken Thighs Tuscan Bone in,52807,meat,,,PLU List Meat Fish.xlsx:meat
FREEBIRD Chicken Whole,51048,meat,,,PLU List Meat Fish.xlsx:meat
FREEBIRD Chicken Whole 95 % Organic,53585,meat,,,PLU List Meat Fish.xlsx:meat
FREEBIRD Chicken Whole Organic,53586,meat,,,PLU List Meat Fish.xlsx:meat
FREEBIRD Chicken Wings,50048,meat,,,PLU List Meat Fish.xlsx:meat
FREEBIRD Chicken Wings BBQ,52810,meat,,,PLU List Meat Fish.xlsx:meat
FREEBIRD Chicken Wings Cajun,52811,meat,,,PLU List Meat Fish.xlsx:meat
FREEBIRD Chicken Wings Family Pack,50560,meat,,,PLU List Meat Fish.xlsx:meat
FREEBIRD Chicken Wings Garlic Herb,54493,meat,,,PLU List Meat Fish.xlsx:meat
FREEBIRD Chicken Wings Lemon & Pepper,52814,meat,,,PLU List Meat Fish.xlsx:meat
FREEBIRD Chicken Wings Maple Bourbon BBQ,53646,meat,,,PLU List Meat Fish.xlsx:meat
FREEBIRD Chicken Wings Sesame Ginger,52809,meat,,,PLU List Meat Fish.xlsx:meat
FREEBIRD Chicken Wings Tuscan,52813,meat,,,PLU List Meat Fish.xlsx:meat
FREEBIRD Meatball Chicken Bell Pepper,57652,meat,,,PLU List Meat Fish.xlsx:meat
FREEBIRD Meatball Chicken Black Bean,57653,meat,,,PLU List Meat Fish.xlsx:meat
FREEBIRD Meatball Chicken Feta,57661,meat,,,PLU List Meat Fish.xlsx:meat
FREEBIRD Meatball Chicken Ginger Scallion,57654,meat,,,PLU List Meat Fish.xlsx:meat
FREEBIRD Meatball Chicken Tuscan,57651,meat,,,PLU List Meat Fish.xlsx:meat
FREEBIRD Sausage Chicken Apple Cranberry,56660,meat,,,PLU List Meat Fish.xlsx:meat
FREEBIRD Sausage Chicken Bell Pepper,55762,meat,,,PLU List Meat Fish.xlsx:meat
FREEBIRD Sausage Chicken Black Bean,55763,meat,,,PLU List Meat Fish.xlsx:meat
FREEBIRD Sausage Chicken Feta,57662,meat,,,PLU List Meat Fish.xlsx:meat
FREEBIRD Sausage Chicken Ginger Scallion,55764,meat,,,PLU List Meat Fish.xlsx:meat
FREEBIRD Sausage Chicken Tuscan,53643,meat,,,PLU List Meat Fish.xlsx:meat
Fresh Ginger Cake,32664,existing,,,reclist
Frosting American Buttercream,32735,bakehouse,9.99,,PLU List Bakehouse.xlsx:print list
Frosting Buttercream V,32736,bakehouse,9.99,,PLU List Bakehouse.xlsx:print list
"Fruit, Stilton Blueberry",41556,cheese,16.99,LB,PLU LIST - Cheese.xlsx:Master
"Fruit, Stilton Mango",40115,cheese,16.99,LB,PLU LIST - Cheese.xlsx:Master
"Fruit, Wensleydale w/ Cranberries",43727,cheese,15.99,LB,PLU LIST - Cheese.xlsx:Master
Fudge Brownies,30531,existing,,,fuzzy:PLU List Bakehouse.xlsx:print list
Fudge V,30920,bakehouse,1.99,,PLU List Bakehouse.xlsx:print list
Fudgy Oat Bars,31654,existing,,,reclist
Galette Berry Mixed,30705,bakehouse,6.99,,PLU List Bakehouse.xlsx:print list
Galette Pear Frangipane,31716,bakehouse,6.99,,PLU List Bakehouse.xlsx:print list
Garlic Bread,30290,existing,,,reclist
Garlic Bread Ciabatta,30290,deli,3.29,,PLU List Deli.xlsx:master
Garlic Butter,37692,existing,,,reclist
Garlic cnv,4608,produce,2.99,,produce-inventory-alt-id.csv
Garlic elephant cnv,4609,produce,0.79,,produce-inventory-alt-id.csv
Garlic elephant cnv,7592,produce,4.99,,produce-inventory-alt-id.csv
Garlic Hummus,30327,existing,,,alias:html+db
Garlic Hummus (classic),30327,existing,,,html+db
Garlic Lovers Pasta,30013,existing,,,reclist+html+db
"Garlic, Rocambole",4608,local-produce,,,"Local Produce Codes, August 2017 JC.docx"
Garrett Valley Corned Beef Brisket,50776,meat,,,PLU List Meat Fish.xlsx:meat
Garrett Valley Ham Spiral Sliced,50092,meat,,,PLU List Meat Fish.xlsx:meat
Gazpacho,36704,existing,,,fuzzy:PLU List Deli.xlsx:master
Gazpacho 16 FZ,36704,deli,4.99,,PLU List Deli.xlsx:master
Gazpacho 32 FZ,30834,deli,8.99,,PLU List Deli.xlsx:master
German Potato Salad,30082,existing,,,fuzzy:reclist+html+db
GF Hot Dog Rolls,6846,small-vendor,,,PLU List Small Vendor.xlsx
GF Mock Rye Buns,6847,small-vendor,,,PLU List Small Vendor.xlsx
GF Sandwich Buns,6845,small-vendor,,,PLU List Small Vendor.xlsx
Ginger Chocolate Covered,15213,bulk,10.99,,PLU BULK Repack Sheet Master.xlsx:Master
Ginger cnv,4613,produce,5.99,,produce-inventory-alt-id.csv
Ginger Crystalized,15228,bulk,7.99,,PLU BULK Repack Sheet Master.xlsx:Master
Ginger Crystalized OG,13003,bulk,11.99,,PLU BULK Repack Sheet Master.xlsx:Master
Ginger Molasses Cookie,20866,code-book,,,Code Book PLUs.xlsx
Gingerbread,30512,bakehouse,4.99,1 CT,Copy of PLU Costs.xlsx:Sheet4
Gingered Tempeh Pasta Salad,30056,existing,,,reclist+html+db
Gitane On Weck,40606,cheese,19.99,LB,PLU LIST - Cheese.xlsx:Master
Goat Cheese Marinated Bells,40482,cheese,9.99,6.5 OZ,PLU LIST - Cheese.xlsx:Master
"Goat Gouda, Cablanca",42555,cheese,18.99,LB,PLU LIST - Cheese.xlsx:Master
"Goat Gouda, Midnight Moon",43707,cheese,26.99,LB,PLU LIST - Cheese.xlsx:Master
Goat's Milk,2769,small-vendor,,,PLU List Small Vendor.xlsx
"Goat, Drunken Goat",40026,cheese,18.99,LB,PLU LIST - Cheese.xlsx:Master
"Goat, Finger Lakes Gold 6 Month",43717,cheese,23.99,LB,PLU LIST - Cheese.xlsx:Master
"Goat, Moonshot",41493,cheese,21.99,LB,PLU LIST - Cheese.xlsx:Master
"Goat, Truffle Cheese",41306,cheese,21.99,LB,PLU LIST - Cheese.xlsx:Master
GOLD COAST Shrimp Cooked P & D,53419,fish,,,PLU List Meat Fish.xlsx:fish
GOLD COAST Shrimp Cooked P & D (2 lb bag),55402,fish,,,PLU List Meat Fish.xlsx:fish
GOLD COAST Shrimp Raw P & D,53418,fish,,,PLU List Meat Fish.xlsx:fish
GOLD COAST Shrimp Raw P & D (2 lb bag),55401,fish,,,PLU List Meat Fish.xlsx:fish
Golden Berries,14796,bulk,14.99,,PLU BULK Repack Sheet Master.xlsx:Master
Golumpki 16 FZ,33354,deli,4.99,,PLU List Deli.xlsx:master
Golumpki 32 FZ,33355,deli,8.99,,PLU List Deli.xlsx:master
Gouda,43720,cheese,10.49,LB,PLU LIST - Cheese.xlsx:Master
Gouda,45403,cheese,12.99,LB,PLU LIST - Cheese.xlsx:Master
Gouda Smoked,40314,cheese,16.99,LB,PLU LIST - Cheese.xlsx:Master
"Gouda, ""Graskaas"" Spring Milk",42402,cheese,12.99,LB,PLU LIST - Cheese.xlsx:Master
"Gouda, Aged",40510,cheese,14.99,LB,PLU LIST - Cheese.xlsx:Master
"Gouda, Beemster Aged 18 Mo",43703,cheese,17.99,LB,PLU LIST - Cheese.xlsx:Master
"Gouda, Beemster Aged 24 Mo",40084,cheese,21.99,LB,PLU LIST - Cheese.xlsx:Master
"Gouda, Golden Harvest",41354,cheese,15.99,LB,PLU LIST - Cheese.xlsx:Master
"Gouda, Red Waxed (Artikaas)",40059,cheese,10.99,LB,PLU LIST - Cheese.xlsx:Master
"Gouda, Smoked",40058,cheese,8.99,LB,PLU LIST - Cheese.xlsx:Master
Granola 1971,31744,deli,8.99,,PLU List Deli.xlsx:master
Granola Blueberry Ginger,60512,small-vendor,,,PLU List Small Vendor.xlsx
Granola Cherry Walnut,60510,small-vendor,,,PLU List Small Vendor.xlsx
Granola Cranberry Almond,60508,small-vendor,,,PLU List Small Vendor.xlsx
Granola Sunshine V,31745,deli,8.99,,PLU List Deli.xlsx:master
Grape Stuffed Leaves,40201,deli,7.99,,PLU List Deli.xlsx:master
Grapefruit Cnv,4027,produce,0.69,,produce-inventory-alt-id.csv
Grapefruit cnv,4047,produce,0.69,,produce-inventory-alt-id.csv
Grapefruit Cnv,4282,produce,0.69,,produce-inventory-alt-id.csv
Grapefruit Cnv,4284,produce,0.39,,produce-inventory-alt-id.csv
Grapefruit CNV,4285,produce,0.69,,produce-inventory-alt-id.csv
Grapefruit Cnv,4286,produce,0.69,,produce-inventory-alt-id.csv
Grapefruit Cnv,4287,produce,0.69,,produce-inventory-alt-id.csv
Grapefruit Cnv,4292,produce,0.69,,produce-inventory-alt-id.csv
Grapefruit lg cnv,4281,produce,0.69,,produce-inventory-alt-id.csv
Grapefruit lg cnv,4491,produce,0.39,,produce-inventory-alt-id.csv
Grapefruit white cnv,4293,produce,0.69,,produce-inventory-alt-id.csv
Grapes black cnv,4056,produce,1.99,,produce-inventory-alt-id.csv
Grapes black cnv,4270,produce,2.99,,produce-inventory-alt-id.csv
Grapes champagne cnv,4271,produce,1.99,,produce-inventory-alt-id.csv
Grapes concord cnv,4272,produce,1.79,,produce-inventory-alt-id.csv
Grapes globe cnv,4273,produce,2.99,,produce-inventory-alt-id.csv
Grapes green seedless cnv,4022,produce,2.29,,produce-inventory-alt-id.csv
Grapes green seedless cnv,4498,produce,2.29,,produce-inventory-alt-id.csv
Grapes niagara cnv,4274,produce,1.99,,produce-inventory-alt-id.csv
Grapes red globe cnv,4636,produce,2.99,,produce-inventory-alt-id.csv
Grapes red seedless cnv,4023,produce,2.29,,produce-inventory-alt-id.csv
Grapes red seedless cnv,4497,produce,2.29,,produce-inventory-alt-id.csv
Grapes Red Seedless cnv,4499,produce,2.29,,produce-inventory-alt-id.csv
GRASS LAND FARMS Beef Ground Grass Fed,53406,meat,,,PLU List Meat Fish.xlsx:meat
GRASS LAND FARMS Beef Ground Grass Fed (Family),53683,meat,,,PLU List Meat Fish.xlsx:meat
GRASS LAND FARMS Beef Patties,55354,meat,,,PLU List Meat Fish.xlsx:meat
GRASS LAND FARMS Beef Stew Grass Fed,53407,meat,,,PLU List Meat Fish.xlsx:meat
GRASS LAND FARMS Chicken Whole Pastured,50499,meat,,,PLU List Meat Fish.xlsx:meat
Grautin Cauliflower Parsnip LG,37690,deli,9.99,,PLU List Deli.xlsx:master
Gravy Herbed 16 FZ V,35728,deli,4.99,,PLU List Deli.xlsx:master
Gravy Herbed 32 FZ V,35712,deli,7.99,,PLU List Deli.xlsx:master
Gravy Turkey 16 FZ,30428,deli,4.99,,PLU List Deli.xlsx:master
Gravy Turkey 32 FZ,30455,deli,7.99,,PLU List Deli.xlsx:master
Greek Artichoke Hearts and Bulgar,30197,existing,,,reclist+html+db
Greek Cucumber Salad,30286,existing,,,reclist+html+db
Greek Orzo Salad,30300,existing,,,reclist
Greek Roasted Potato Salad,30285,existing,,,reclist+html+db
Green Bean Casserole,34743,deli,8.99,,PLU List Deli.xlsx:master
Green Circle Boneless Chicken Thigh w/ Skin on,54738,meat,,,PLU List Meat Fish.xlsx:meat
Green Circle Chicken Breats w/Wing,54737,meat,,,PLU List Meat Fish.xlsx:meat
Greens beet cnv,4542,produce,2.29,,produce-inventory-alt-id.csv
Greens Bok choy baby cnv,4544,produce,2.99,,produce-inventory-alt-id.csv
Greens Bok choy cnv,4545,produce,2.99,,produce-inventory-alt-id.csv
Greens chard cnv,4586,produce,2.59,,produce-inventory-alt-id.csv
Greens collard cnv,4614,produce,2.59,,produce-inventory-alt-id.csv
Greens dandelion cnv,4615,produce,2.59,,produce-inventory-alt-id.csv
Greens Fiddlehead ferns cnv,4606,produce,7.99,,produce-inventory-alt-id.csv
Greens kale red cnv,4607,produce,2.59,,produce-inventory-alt-id.csv
Greens Lettuce boston cnv,4632,produce,2.59,,produce-inventory-alt-id.csv
Greens Lettuce green leaf cnv,4061,produce,1.99,,produce-inventory-alt-id.csv
Greens Lettuce green leaf cnv,4076,produce,1.99,,produce-inventory-alt-id.csv
Greens Lettuce hydroponic c,4633,produce,1.79,,produce-inventory-alt-id.csv
Greens Lettuce red leaf cnv,4075,produce,1.99,,produce-inventory-alt-id.csv
Greens Lettuce red leaf cnv,4640,produce,1.99,,produce-inventory-alt-id.csv
Greens Mizuna Bunch cnv,4858,produce,2.59,,produce-inventory-alt-id.csv
Greens mustard red cnv,4622,produce,2.59,,produce-inventory-alt-id.csv
Greens rainbow chard cnv,4621,produce,2.59,,produce-inventory-alt-id.csv
Greens Salads herb mix cnv,6496,produce,2.29,,produce-inventory-alt-id.csv
Greens Salads mixed baby greens,6493,produce,1.99,,produce-inventory-alt-id.csv
Greens Salads muesclin mix cnv,4643,produce,0.00,,produce-inventory-alt-id.csv
Greens turnip cnv,4619,produce,2.59,,produce-inventory-alt-id.csv
"Gruyere, Comte French Raw Milk",40151,cheese,21.99,LB,PLU LIST - Cheese.xlsx:Master
"Gruyere, Emmi Le Mild",42743,cheese,23.99,LB,PLU LIST - Cheese.xlsx:Master
"Gruyere, Gridley Hollow",43841,cheese,16.99,LB,PLU LIST - Cheese.xlsx:Master
Guacamole,30016,deli,9.99,,PLU List Deli.xlsx:master
Guava cnv,4299,produce,2.99,,produce-inventory-alt-id.csv
Gumbo Yaya 16 FZ,33419,deli,4.99,,PLU List Deli.xlsx:master
Gumbo Yaya 32 FZ,33420,deli,8.99,,PLU List Deli.xlsx:master
Gumbo Z Herbes 16 FZ,36745,deli,4.99,,PLU List Deli.xlsx:master
Gumbo Z Herbes 32 FZ,36746,deli,8.99,,PLU List Deli.xlsx:master
Halibut Fillets,52588,fish,,,PLU List Meat Fish.xlsx:fish
Ham Sliced 1 CT,34688,deli,11.99,,PLU List Deli.xlsx:master
Ham Sliced LB,34683,deli,9.99,,PLU List Deli.xlsx:master
HARBOR BANKS Cod Frozen Pacific,55645,fish,,,PLU List Meat Fish.xlsx:fish
HARBOR BANKS Mahi Mahi,50034,fish,,,PLU List Meat Fish.xlsx:fish
HARBOR BANKS Salad Shrimp Tail Off,55646,fish,,,PLU List Meat Fish.xlsx:fish
HARBOR BANKS Scallops Raw Sea Frozen,55644,fish,,,PLU List Meat Fish.xlsx:fish
HARBOR BANKS Shrimp Raw 21-25 CT,55647,fish,,,PLU List Meat Fish.xlsx:fish
HARBOR BANKS Swordfish Steak,55642,fish,,,PLU List Meat Fish.xlsx:fish
HARBOR BANKS Tuna Steak Sashimi grade,55643,fish,,,PLU List Meat Fish.xlsx:fish
"Havarti, Dill",40020,cheese,11.99,LB,PLU LIST - Cheese.xlsx:Master
"Havarti, Hellish Havarti",41642,cheese,15.99,LB,PLU LIST - Cheese.xlsx:Master
"Havarti, Plain",40019,cheese,9.99,LB,PLU LIST - Cheese.xlsx:Master
Hazelnuts Chocolate Covered OG,15701,bulk,17.99,,PLU BULK Repack Sheet Master.xlsx:Master
Hazelnuts Chocolate OG,15701,bulk,17.99,,PLU BULK Repack Sheet Master.xlsx:Master
Hello Dollies,30524,existing,,,reclist
Herbs Basil basil cnv,4885,produce,2.29,,produce-inventory-alt-id.csv
Herbs chives cnv,4888,produce,2.39,,produce-inventory-alt-id.csv
Herbs cilantro cnv,4889,produce,1.99,,produce-inventory-alt-id.csv
Herbs Dill Herbs Cnv,4891,produce,2.99,,produce-inventory-alt-id.csv
Herbs Dill Herbs loc,84891,produce,2.99,,produce-inventory-alt-id.csv
Herbs mint cnv,4896,produce,2.29,,produce-inventory-alt-id.csv
Herbs oregano cnv,4897,produce,2.29,,produce-inventory-alt-id.csv
Herbs parsley flat cnv,4901,produce,1.79,,produce-inventory-alt-id.csv
Herbs sage cnv,4904,produce,1.99,,produce-inventory-alt-id.csv
Herbs sage cnv,8507,produce,2.29,,produce-inventory-alt-id.csv
Herbs tarragon cnv,4906,produce,2.29,,produce-inventory-alt-id.csv
Herbs thyme cnv,4907,produce,2.29,,produce-inventory-alt-id.csv
Holiday Cheddar Cheese Ball,30236,existing,,,reclist
Honey Almond Beets with Feta,30181,existing,,,reclist+html+db
Honey Roasted Carrots 1 CT,34690,deli,8.99,,PLU List Deli.xlsx:master
Honey Roasted Carrots LB,34685,deli,8.99,,PLU List Deli.xlsx:master
Hoppin John,30058,deli,8.99,,PLU List Deli.xlsx:master
Horseradish Dill,50603,small-vendor,,,PLU List Small Vendor.xlsx
Hot Bar,30902,deli,,,Shrink Log Reference Bakehouse-Deli.xlsx:PFD_Deli
Hot Buttered Rum Truffles,14822,bulk,18.99,,PLU BULK Repack Sheet Master.xlsx:Master
Hot Cross Buns,30865,bakehouse,4.49,,PLU List Bakehouse.xlsx:print list
Hot Sour 16 FZ,35356,deli,4.99,,PLU List Deli.xlsx:master
Hot Sour 32 FZ,35357,deli,8.99,,PLU List Deli.xlsx:master
Hummus (for sandwiches),30744,existing,,,fuzzy:reclist+html+db
Hummus Beet,30744,deli,7.99,LB,Copy of PLU Costs.xlsx:Sheet4
Hummus Beet Dana Sweet,30744,deli,7.99,,PLU List Deli.xlsx:master
Hummus Classic,30327,deli,6.99,,PLU List Deli.xlsx:master
Hummus Jalapeno Lime,30666,deli,7.99,,PLU List Deli.xlsx:master
Hummus Red Pepper,30028,deli,6.99,,PLU List Deli.xlsx:master
Hummus Sweet Potato,34664,deli,6.99,,PLU List Deli.xlsx:master
Hummus Wrap,30744,existing,,,fuzzy:reclist+html+db
Irish Soda Bread,30500,existing,,,reclist
Irish Soda with Raisins (Spotted Dog),30544,existing,,,reclist
"Istara Ossau Iraty Sheep, Istara",40306,cheese,26.99,LB,PLU LIST - Cheese.xlsx:Master
"Jack , Pepper Jack",43721,cheese,10.49,LB,PLU LIST - Cheese.xlsx:Master
"Jack, Garlic Herb",42815,cheese,7.99,LB,PLU LIST - Cheese.xlsx:Master
"Jack, Sunburned Pepper Jack",42816,cheese,15.99,LB,PLU LIST - Cheese.xlsx:Master
Jalapeno Lime Hummus,30666,existing,,,reclist+html+db
Jambalaya Chicken Sausage,30841,deli,11.99,,PLU List Deli.xlsx:master
Jicama cnv,4626,produce,0.99,,produce-inventory-alt-id.csv
Jolly Beans OG,13398,bulk,12.99,,PLU BULK Repack Sheet Master.xlsx:Master
Junko Dessert,30642,bakehouse,2.49,,PLU List Bakehouse.xlsx:print list
Junko Dessert,30645,bakehouse,1.99,,PLU List Bakehouse.xlsx:print list
Junko Dessert,30650,bakehouse,3.99,,PLU List Bakehouse.xlsx:print list
Junko Dessert,30655,bakehouse,3.49,,PLU List Bakehouse.xlsx:print list
Kale Aglio E Olio,30828,deli,8.99,LB,Copy of PLU Costs.xlsx:Sheet4
Kimchi 16 FZ,34665,deli,4.99,,PLU List Deli.xlsx:master
Kimchi 32 FZ,34666,deli,8.99,,PLU List Deli.xlsx:master
Kimchi Fritters LB,37698,deli,8.99,,PLU List Deli.xlsx:master
Kimchi Fritters LG,37697,deli,13.99,,PLU List Deli.xlsx:master
KINDRED KREEK Bacon Maple Sliced,51587,meat,,,PLU List Meat Fish.xlsx:meat
KINDRED KREEK Ham Fresh,50099,meat,,,PLU List Meat Fish.xlsx:meat
KINDRED KREEK Ham Smoked Bnls,51574,meat,,,PLU List Meat Fish.xlsx:meat
KINDRED KREEK Ham Steak Smoked,51490,meat,,,PLU List Meat Fish.xlsx:meat
Kiwi cnv,4030,produce,0.59,,produce-inventory-alt-id.csv
Koch's Farms Boneless Chicken Breasts,54735,meat,,,PLU List Meat Fish.xlsx:meat
Koch's Farms Chicken Wings,54736,meat,,,PLU List Meat Fish.xlsx:meat
La Tur,43702,cheese,23.99,LB,PLU LIST - Cheese.xlsx:Master
Large Navel Orange,3106,produce,0.39,,produce-inventory-alt-id.csv
Lasagna Mexican Spinach LG,33786,deli,9.99,,PLU List Deli.xlsx:master
Lasagna Spinach & Cheese,30728,deli,8.99,,PLU List Deli.xlsx:master
Lasagna Spinach & Cheese Famil,33730,deli,9.99,,PLU List Deli.xlsx:master
Leeks baby cnv,4630,produce,2.59,,produce-inventory-alt-id.csv
Leeks cnv,4629,produce,2.99,,produce-inventory-alt-id.csv
LEGACY Haddock Skinless Boneless LY,51125,fish,,,PLU List Meat Fish.xlsx:fish
Lemon Bliss Cake,33307,existing,,,reclist
Lemon Blueberry Bread,25017,existing,,,reclist
Lemon Garlic Tortellini Prima,37684,deli,9.99,,PLU List Deli.xlsx:master
Lemon Parmesan Tortellini,30227,existing,,,reclist+html+db
Lemon Poppyseed Bread,31668,existing,,,reclist
Lemon Rasp Cake Slice,10927,small-vendor,,,PLU List Small Vendor.xlsx
Lemon Squares,30514,existing,,,reclist
Lemons cnv,4053,produce,0.69,,produce-inventory-alt-id.csv
Lemons meyer cnv,4304,produce,2.99,,produce-inventory-alt-id.csv
Lentil Red 16 FZ,34817,deli,4.99,,PLU List Deli.xlsx:master
Lentil Red 32 FZ,34818,deli,8.99,,PLU List Deli.xlsx:master
Lentil Sau Pot Spin 16 FZ,36828,deli,4.99,,PLU List Deli.xlsx:master
Lentil Sau Pot Spin 32 FZ,36832,deli,8.99,,PLU List Deli.xlsx:master
Lentil Soup with Potatoes and Spinach,37356,existing,,,fuzzy:reclist
Lettuce boston cnv,3098,produce,2.59,,produce-inventory-alt-id.csv
Lettuce Endive cnv,3167,produce,1.79,,produce-inventory-alt-id.csv
Lettuce Escarole cnv,4605,produce,2.59,,produce-inventory-alt-id.csv
Lettuce Frisee Bunch cnv,4624,produce,2.59,,produce-inventory-alt-id.csv
Lexi's Kitchen Shrimp Bowl (.5 lb of shrimp),50556,fish,,,PLU List Meat Fish.xlsx:fish
"Lexi, Cheese Ball Cheddar Holiday",30236,cheese,12.99,LB,PLU LIST - Cheese.xlsx:Master
"Lexi, Cheese Flight",40591,cheese,9.99,EA,PLU LIST - Cheese.xlsx:Master
"Lexi, Cheese Flight, Forever Italia",40561,cheese,9.99,EA,PLU LIST - Cheese.xlsx:Master
"Lexi, Cheese Flight, Hard",42707,cheese,17.99,EA,PLU LIST - Cheese.xlsx:Master
"Lexi, Cheese Flight, Leprechaun's Lunch",40564,cheese,9.99,EA,PLU LIST - Cheese.xlsx:Master
"Lexi, Cheese Flight, Lexi's Choice",40560,cheese,9.99,EA,PLU LIST - Cheese.xlsx:Master
"Lexi, Cheese Flight, Local",40560,cheese,9.99,EA,PLU LIST - Cheese.xlsx:Master
"Lexi, Cheese Flight, Love's a Crock",40563,cheese,9.99,EA,PLU LIST - Cheese.xlsx:Master
"Lexi, Cheese Flight, McCadam",42708,cheese,12.99,EA,PLU LIST - Cheese.xlsx:Master
"Lexi, Cheese Flight, Mother's Day",40486,cheese,9.99,EA,PLU LIST - Cheese.xlsx:Master
"Lexi, Cheese Flight, Ploughman's Lunch",40557,cheese,9.99,EA,PLU LIST - Cheese.xlsx:Master
"Lexi, Cheese Flight, Spanish Delight",40558,cheese,9.99,EA,PLU LIST - Cheese.xlsx:Master
"Lexi, Cheese Flight, Sweethearts",40562,cheese,14.99,EA,PLU LIST - Cheese.xlsx:Master
"Lexi, Cheese Flight, Vive Le France",40559,cheese,9.99,EA,PLU LIST - Cheese.xlsx:Master
"Lexi, Cheese Tray 12 Inch",35750,cheese,14.99,EA,PLU LIST - Cheese.xlsx:Master
"Lexi, Cheeseboard Co-op Love",40682,cheese,14.99,EA,PLU LIST - Cheese.xlsx:Master
"Lexi, Curds Cajun",45887,cheese,8.99,LB,PLU LIST - Cheese.xlsx:Master
"Lexi, Mozzarella Marinated",40077,cheese,9.59,LB,PLU LIST - Cheese.xlsx:Master
"Lexi, Party Platter Game Day",50720,cheese,19.99,LB,PLU LIST - Cheese.xlsx:Master
"Lexi, Snacker Cheese & Pepperoni Large",40699,cheese,21.99,EA,PLU LIST - Cheese.xlsx:Master
"Lexi, Snacker Cheese & Pepperoni Small",40701,cheese,8.99,EA,PLU LIST - Cheese.xlsx:Master
"Lexi, Spread Game Day",30560,cheese,14.99,LB,PLU LIST - Cheese.xlsx:Master
"Lexi, Spread Green Goat",40645,cheese,7.99,LB,PLU LIST - Cheese.xlsx:Master
"Lexi, Tailgate Tray",40514,cheese,24.99,EA,PLU LIST - Cheese.xlsx:Master
Light Amber 12 FZ,15576,small-vendor,,,PLU List Small Vendor.xlsx
Light Amber 32 FZ,11458,small-vendor,,,PLU List Small Vendor.xlsx
Light Amber 64 FZ,11451,small-vendor,,,PLU List Small Vendor.xlsx
Limes cnv,4048,produce,0.49,,produce-inventory-alt-id.csv
Limes cnv,4305,produce,0.49,,produce-inventory-alt-id.csv
Lobster Ravioli,50508,small-vendor,,,PLU List Small Vendor.xlsx
Lobster Tails,54355,fish,,,PLU List Meat Fish.xlsx:fish
Loch Duart Salmon,50366,fish,,,PLU List Meat Fish.xlsx:fish
Loch Duarte Salmon (Cajun Rub),50490,fish,,,PLU List Meat Fish.xlsx:fish
Loch Duarte Salmon (Montreal City Rub),52660,fish,,,PLU List Meat Fish.xlsx:fish
Loch Duarte Salmon (Tuscan Herb Rub),52661,fish,,,PLU List Meat Fish.xlsx:fish
Loch Duarte Salmon Lemon Pepper,54663,fish,,,PLU List Meat Fish.xlsx:fish
Loch Duarte Salmon Stuffed w/Crab meat stuffing,54402,fish,,,PLU List Meat Fish.xlsx:fish
Lort’s,94611,local-produce,,,"Local Produce Codes, August 2017 JC.docx"
"Lou Bergier, Kinara",40304,cheese,16.99,LB,PLU LIST - Cheese.xlsx:Master
Lox Cream Cheese Spread,30658,existing,,,html+db
Luna,40611,cheese,16.99,LB,PLU LIST - Cheese.xlsx:Master
Mac & Cheese Gouda LG,31492,deli,12.99,,PLU List Deli.xlsx:master
Mac & Cheese Jalapeno,31491,deli,9.99,,PLU List Deli.xlsx:master
Mac & Cheese LB,38496,deli,9.99,,PLU List Deli.xlsx:master
Mac & Cheese LG,32403,deli,11.99,,PLU List Deli.xlsx:master
Mac & Cheese LG V,31495,deli,9.99,,PLU List Deli.xlsx:master
Mac & Cheese Manchego Red P LG,33785,deli,12.99,,PLU List Deli.xlsx:master
Mac & Cheese Peas LG,38497,deli,9.99,,PLU List Deli.xlsx:master
Mac & Cheese Pepperoni LG,31490,deli,12.99,,PLU List Deli.xlsx:master
Mac & Cheese Smoked Salmon LG,33781,deli,12.99,,PLU List Deli.xlsx:master
Mac & Cheese Southwest LG,33782,deli,12.99,,PLU List Deli.xlsx:master
Mac & Cheese Truffle LG,37691,deli,12.99,,PLU List Deli.xlsx:master
Mac & Cheese V,31743,deli,9.99,,PLU List Deli.xlsx:master
Mac and Cheese with Mushrooms and Truffle Oil,37691,existing,,,reclist
Macadamia Nuts CNV,13657,bulk,17.99,,PLU BULK Repack Sheet Master.xlsx:Master
Macaroni Salad,30073,existing,,,reclist+html+db
Macaroons Choc 2 CT,30312,bakehouse,2.99,2 CT,Copy of PLU Costs.xlsx:Sheet4
Macaroons Choc 4 CT,32958,bakehouse,4.99,,PLU List Bakehouse.xlsx:print list
Macaroons Coconut,34702,bakehouse,4.99,,PLU List Bakehouse.xlsx:print list
Macaroons Coconut 4 CT,34702,bakehouse,4.99,4 CT,Copy of PLU Costs.xlsx:Sheet4
"Mahon Reserva 12 month, Mitica",40308,cheese,18.99,LB,PLU LIST - Cheese.xlsx:Master
Malt Balls Chocolate,15340,bulk,9.99,,PLU BULK Repack Sheet Master.xlsx:Master
Malt Balls Peanut Butter,14307,bulk,8.99,,PLU BULK Repack Sheet Master.xlsx:Master
Mango Chill Lime,17152,bulk,13.99,,PLU BULK Repack Sheet Master.xlsx:Master
Mango cnv,4051,produce,1.29,,produce-inventory-alt-id.csv
Mango cnv,4312,produce,1.29,,produce-inventory-alt-id.csv
Mango cnv,4959,produce,1.29,,produce-inventory-alt-id.csv
Mango OG,16156,bulk,13.99,,PLU BULK Repack Sheet Master.xlsx:Master
Mango OG,16160,bulk,11.99,,PLU BULK Repack Sheet Master.xlsx:Master
Mango OG,16178,bulk,12.99,,PLU BULK Repack Sheet Master.xlsx:Master
Mango Sliced Low Sugar,14790,bulk,6.99,,PLU BULK Repack Sheet Master.xlsx:Master
Maple Bourbon BBQ Sauce 16 FZ,34696,deli,4.99,,PLU List Deli.xlsx:master
Maple Bourbon BBQ Sauce 32 FZ,34697,deli,7.99,,PLU List Deli.xlsx:master
Maple Bourbon BBQ Sauce 8 FZ,34695,deli,2.99,,PLU List Deli.xlsx:master
Maple Bourbon Pulled Pork,31792,existing,,,reclist
Maple Vinaigrette,30050,existing,,,fuzzy:reclist
Marinated Vegetable Salad,30229,existing,,,reclist+html+db
Mary's Turkey Heritage Whole (Fresh),54408,meat,,,PLU List Meat Fish.xlsx:meat
Mary's Turkey Heritage Whole 14-18,58738,meat,,,PLU List Meat Fish.xlsx:meat
Mary's Turkey Heritage Whole 18-21,58739,meat,,,PLU List Meat Fish.xlsx:meat
Mary's Turkey Heritage Whole 21+,58740,meat,,,PLU List Meat Fish.xlsx:meat
Mary's Turkey Natural,50653,meat,,,PLU List Meat Fish.xlsx:meat
Mashed Poatoes LB V,34490,deli,5.99,LB,Copy of PLU Costs.xlsx:Sheet4
Mashed Potatoes,35717,existing,,,fuzzy:Copy of PLU Costs.xlsx:Sheet4
Mashed Potatoes Garlic,35717,deli,8.99,32 OZ,Copy of PLU Costs.xlsx:Sheet4
Mashed Potatoes Garlic LB,31656,deli,5.99,,PLU List Deli.xlsx:master
Mashed Potatoes V 32 OZ,35718,deli,8.99,,PLU List Deli.xlsx:master
Matzo Ball 16 FZ,36713,deli,4.99,,PLU List Deli.xlsx:master
Matzo Ball 32 FZ,36712,deli,8.99,,PLU List Deli.xlsx:master
Matzo Bark,30866,existing,,,reclist
Meal Solutions Corned Beef Brisket meal Solution,50748,meat,,,PLU List Meat Fish.xlsx:meat
Meal Solutions Grill Ready BBQ Chicken Meal Solution,51668,meat,,,PLU List Meat Fish.xlsx:meat
Meal Solutions Grill Ready Montreal Steak Meal Solution,51666,meat,,,PLU List Meat Fish.xlsx:meat
Meal Solutions Grill Ready Sesame Ginger Shrimp Meal Solution,51667,meat,,,PLU List Meat Fish.xlsx:meat
Meal Solutions Pot Roast Meal Solution,50744,meat,,,PLU List Meat Fish.xlsx:meat
Meal Solutions Salmon & Asparagus Meal Solution,50746,meat,,,PLU List Meat Fish.xlsx:meat
Meal Solutions Sausage and Peppers Meal Solution,50745,meat,,,PLU List Meat Fish.xlsx:meat
Meal Solutions Tuscan Chicken & Rice Meal Solution,50747,meat,,,PLU List Meat Fish.xlsx:meat
Meal to Go Apple Cider Chix,33792,deli,7.99,,PLU List Deli.xlsx:master
Meal To Go Asian Meatballs & Kim,33741,deli,7.99,,PLU List Deli.xlsx:master
Meal To Go Baked Beans Vegan Mac,33759,deli,7.99,,PLU List Deli.xlsx:master
Meal To Go BBQ Chicken,33735,deli,7.99,,PLU List Deli.xlsx:master
Meal To Go Beef Bourgignon,33766,deli,8.99,,PLU List Deli.xlsx:master
Meal To Go Beef Bourguignon,33756,deli,8.99,,PLU List Deli.xlsx:master
Meal To Go Beef Brisket,33749,deli,8.99,,PLU List Deli.xlsx:master
Meal To Go Beef Stew & Goat Che,33744,deli,8.99,,PLU List Deli.xlsx:master
Meal To Go Beef Stroganoff,33738,deli,7.99,,PLU List Deli.xlsx:master
Meal To Go Butter Chicken,33742,deli,7.99,,PLU List Deli.xlsx:master
Meal To Go Butter Chix Rajma Mas,33763,deli,7.99,,PLU List Deli.xlsx:master
Meal To Go Butternut Risotto,33753,deli,7.99,,PLU List Deli.xlsx:master
Meal to Go Carrot Osso Buco,33794,deli,7.99,,PLU List Deli.xlsx:master
Meal To Go Chiavettas Chicken,33733,deli,7.99,,PLU List Deli.xlsx:master
Meal To Go Chicken Parmesan,33743,deli,7.99,,PLU List Deli.xlsx:master
Meal To Go Chix Wild Rice,33754,deli,7.99,,PLU List Deli.xlsx:master
Meal To Go Cran Apple Chicken,33767,deli,7.99,,PLU List Deli.xlsx:master
Meal To Go Huevos Rancheros,33751,deli,7.99,,PLU List Deli.xlsx:master
Meal To Go Indian Beef Stew,33736,deli,8.99,,PLU List Deli.xlsx:master
Meal To Go Jamaican Jerk Chix,33748,deli,7.99,,PLU List Deli.xlsx:master
Meal To Go Jambalaya Chicken,33734,deli,7.99,,PLU List Deli.xlsx:master
Meal To Go Lamb Stew,33765,deli,8.99,,PLU List Deli.xlsx:master
Meal To Go Meatballs & Arancini,33739,deli,8.99,,PLU List Deli.xlsx:master
Meal To Go Pork in Mustard Sauce,33737,deli,7.99,,PLU List Deli.xlsx:master
Meal To Go Pork Pibil & Mojito,33740,deli,7.99,,PLU List Deli.xlsx:master
Meal To Go Pork Pibil Sweet,33762,deli,7.99,,PLU List Deli.xlsx:master
Meal To Go Salmon Buerre Blanc,33758,deli,9.99,,PLU List Deli.xlsx:master
Meal To Go Seitan Stew,33745,deli,7.99,,PLU List Deli.xlsx:master
Meal To Go Seitan Stew,33755,deli,7.99,,PLU List Deli.xlsx:master
Meal To Go Sesame Chix Kimchi,33752,deli,7.99,,PLU List Deli.xlsx:master
Meal To Go Tarragon Chix Arancin,33750,deli,7.99,,PLU List Deli.xlsx:master
Meal To Go Tofu Teriyaki,33746,deli,7.99,,PLU List Deli.xlsx:master
Meal to Go Tofu Teriyaki Carro,33793,deli,7.99,,PLU List Deli.xlsx:master
Meal To Go Tortellini Bake,33747,deli,7.99,,PLU List Deli.xlsx:master
Meal To Go Turkey Mashed Pot,33764,deli,7.99,,PLU List Deli.xlsx:master
Meal To Go Tuscan Chicken,33732,deli,7.99,,PLU List Deli.xlsx:master
Meal To Go Vegan Stew Bnut Squas,33761,deli,7.99,,PLU List Deli.xlsx:master
Meal To Go White Bean Parm Brocc,33757,deli,7.99,,PLU List Deli.xlsx:master
Meatballs Marinara LG,37683,deli,11.99,,PLU List Deli.xlsx:master
Meatballs Swedish,31741,deli,11.99,,PLU List Deli.xlsx:master
Meatballs Swedish,33686,deli,11.99,,PLU List Deli.xlsx:master
Meatballs V LG,33687,deli,9.99,,PLU List Deli.xlsx:master
Meatloaf Jalapeno Ched Turk LG,37671,deli,9.99,,PLU List Deli.xlsx:master
Medium Amber 12 FZ,11480,small-vendor,,,PLU List Small Vendor.xlsx
Melon assorted cnv,3100,produce,5.99,,produce-inventory-alt-id.csv
Melon assorted cnv,3421,produce,5.99,,produce-inventory-alt-id.csv
Melon assorted cnv,4037,produce,5.99,,produce-inventory-alt-id.csv
Melon assorted cnv,4317,produce,5.99,,produce-inventory-alt-id.csv
Melon assorted cnv,4320,produce,5.99,,produce-inventory-alt-id.csv
Melon assorted cnv,4321,produce,5.99,,produce-inventory-alt-id.csv
Melon assorted cnv,4322,produce,5.99,,produce-inventory-alt-id.csv
Melon assorted cnv,4326,produce,5.99,,produce-inventory-alt-id.csv
Melon assorted cnv,4331,produce,5.99,,produce-inventory-alt-id.csv
Melon assorted cnv,4332,produce,5.99,,produce-inventory-alt-id.csv
Melon assorted cnv,4336,produce,5.99,,produce-inventory-alt-id.csv
Melon assorted cnv,4340,produce,5.99,,produce-inventory-alt-id.csv
Melon assorted cnv,4341,produce,5.99,,produce-inventory-alt-id.csv
Melon Cantaloupe cnv,4049,produce,2.59,,produce-inventory-alt-id.csv
Melon Cantaloupe cnv,4050,produce,2.59,,produce-inventory-alt-id.csv
Melon Cantaloupe CNV,4319,produce,2.99,,produce-inventory-alt-id.csv
Melon Cantaloupe Local Cnv,84050,produce,1.99,,produce-inventory-alt-id.csv
Melon honeydew cnv,4034,produce,3.99,,produce-inventory-alt-id.csv
Melon honeydew cnv,4329,produce,3.99,,produce-inventory-alt-id.csv
Melon Watermelon cnv,4031,produce,5.99,,produce-inventory-alt-id.csv
Melon Watermelon Small cnv,4375,produce,4.99,,produce-inventory-alt-id.csv
Melon Watermelon Whl cnv,4032,produce,4.95,,produce-inventory-alt-id.csv
"Mexican, Queso Chihuahau (prepack)",40703,cheese,9.99,LB,PLU LIST - Cheese.xlsx:Master
Meyer Meat Rib Roast Bone-In,53405,meat,,,PLU List Meat Fish.xlsx:meat
Meyer Meat Ribeye Roast BL,50703,meat,,,PLU List Meat Fish.xlsx:meat
Meyer Meat Ribeyes Angust BL,50702,meat,,,PLU List Meat Fish.xlsx:meat
Middle East Lentil 16,39650,deli,4.99,,PLU List Deli.xlsx:master
"Mimolette Vielle 18 Month, Isigny",40305,cheese,26.99,LB,PLU LIST - Cheese.xlsx:Master
MINEO & SAPIO Chicken Feta Sausage w/ Spini,53257,meat,,,PLU List Meat Fish.xlsx:meat
MINEO & SAPIO Chicken Italian Sausage,53259,meat,,,PLU List Meat Fish.xlsx:meat
MINEO & SAPIO Hot Peppers 5 Cheese,50491,meat,,,PLU List Meat Fish.xlsx:meat
MINEO & SAPIO Meatball Family Size,53642,meat,,,PLU List Meat Fish.xlsx:meat
MINEO & SAPIO Meatballs,50325,meat,,,PLU List Meat Fish.xlsx:meat
MINEO & SAPIO Peppers Sausage with Cappolla,50492,meat,,,PLU List Meat Fish.xlsx:meat
MINEO & SAPIO Peppers Spinach & Feta Sausage,50493,meat,,,PLU List Meat Fish.xlsx:meat
MINEO & SAPIO Saus Pork Mild Italian MS,53408,meat,,,PLU List Meat Fish.xlsx:meat
MINEO & SAPIO Sausage Breakfast Pork,50416,meat,,,PLU List Meat Fish.xlsx:meat
MINEO & SAPIO Sausage Chorizo MS,50309,meat,,,PLU List Meat Fish.xlsx:meat
MINEO & SAPIO Sausage Italn Hot Pork M,53258,meat,,,PLU List Meat Fish.xlsx:meat
MINEO & SAPIO Sausage Patties Breakfast Chicken,50415,meat,,,PLU List Meat Fish.xlsx:meat
Minestrone (new recipe),36644,existing,,,fuzzy:PLU List Deli.xlsx:master
Minestrone 16 FZ,36644,deli,4.99,,PLU List Deli.xlsx:master
Minestrone 32 FZ,30022,deli,8.99,,PLU List Deli.xlsx:master
Minestrone Green 16 FZ,36715,deli,4.99,,PLU List Deli.xlsx:master
Minestrone Green 32 FZ,36714,deli,8.99,,PLU List Deli.xlsx:master
Miso 16 FZ,37661,deli,4.99,,PLU List Deli.xlsx:master
Miso 32 FZ,37662,deli,8.99,,PLU List Deli.xlsx:master
Mixed California Raw OG,15450,bulk,13.99,,PLU BULK Repack Sheet Master.xlsx:Master
Mixed Nuts Cajun OG,13649,bulk,18.99,,PLU BULK Repack Sheet Master.xlsx:Master
Mixed Nuts Maple Glazed OG,16170,bulk,16.99,,PLU BULK Repack Sheet Master.xlsx:Master
Mixed Nuts Salted Roasted OG,13647,bulk,17.99,,PLU BULK Repack Sheet Master.xlsx:Master
Mixed Nuts Salted Roasted OG,15752,bulk,13.99,,PLU BULK Repack Sheet Master.xlsx:Master
Monkfish,53409,fish,,,PLU List Meat Fish.xlsx:fish
Monster Bars,31653,existing,,,reclist
Mousse Choc,30570,bakehouse,9.99,,PLU List Bakehouse.xlsx:print list
Mousse Choc V,30157,bakehouse,9.99,,PLU List Bakehouse.xlsx:print list
"Mozzarella, Ciliegini",41650,cheese,9.99,LB,PLU LIST - Cheese.xlsx:Master
"Mozzarella, Smoked",40146,cheese,5.99,I CT,PLU LIST - Cheese.xlsx:Master
"Mozzarella, Sorrento Loaf",40079,cheese,3.99,LB,PLU LIST - Cheese.xlsx:Master
MTG Asian Meatballs & Kim,33741,deli,7.99,16 OZ,Copy of PLU Costs.xlsx:Sheet4
MTG Beef Brisket,33749,deli,8.99,16 OZ,Copy of PLU Costs.xlsx:Sheet4
MTG Beef Stroganoff,33738,deli,8.99,16 OZ,Copy of PLU Costs.xlsx:Sheet4
MTG Butter Chix Rajma Mas,33763,deli,7.99,16 OZ,Copy of PLU Costs.xlsx:Sheet4
MTG Butternut Risotto,33753,deli,7.99,16 OZ,Copy of PLU Costs.xlsx:Sheet4
MTG Chicken Parmesan,33743,deli,7.99,16 OZ,Copy of PLU Costs.xlsx:Sheet4
MTG Chix Wild Rice,33754,deli,7.99,16 OZ,Copy of PLU Costs.xlsx:Sheet4
MTG Jamaican Jerk Chix,33748,deli,7.99,16 OZ,Copy of PLU Costs.xlsx:Sheet4
MTG Meatballs & Arancini,33739,deli,7.99,16 OZ,Copy of PLU Costs.xlsx:Sheet4
MTG Meatballs With Ricotta Mar,35686,deli,8.99,24 OZ,Copy of PLU Costs.xlsx:Sheet4
MTG Pork Pibil & Mojito,33740,deli,7.99,16 OZ,Copy of PLU Costs.xlsx:Sheet4
MTG Seitan Stew,33745,deli,7.99,16 OZ,Copy of PLU Costs.xlsx:Sheet4
MTG Sesame Chix Kimchi,33752,deli,7.99,16 OZ,Copy of PLU Costs.xlsx:Sheet4
MTG Sweet And Sour Tofu,35687,deli,7.99,24 OZ,Copy of PLU Costs.xlsx:Sheet4
MTG Tofu Teriyaki,33746,deli,7.99,16 OZ,Copy of PLU Costs.xlsx:Sheet4
MTG Tofu Teriyaki Carrots,33793,deli,7.99,1 CT,Copy of PLU Costs.xlsx:Sheet4
MTG Turkey Mashed Pot,33764,deli,7.99,16 OZ,Copy of PLU Costs.xlsx:Sheet4
MTG Tuscan Chicken,33732,deli,7.99,16 OZ,Copy of PLU Costs.xlsx:Sheet4
MTG White Bean Parm Brocc,33757,deli,7.99,16 OZ,Copy of PLU Costs.xlsx:Sheet4
Muffin,30519,bakehouse,,,Shrink Log Reference Bakehouse-Deli.xlsx:Bakehouse
Muffin Banana Chocolate Chip,20357,bakehouse,7.99,1 CT,Copy of PLU Costs.xlsx:Sheet4
Muffin Banana Walnut 4 CT,33320,bakehouse,7.99,,PLU List Bakehouse.xlsx:print list
Muffin Blueberry 4 CT,33351,bakehouse,7.99,,PLU List Bakehouse.xlsx:print list
Muffin Blueberry 4 CT,33551,bakehouse,7.99,4 CT,Copy of PLU Costs.xlsx:Sheet4
Muffin Mini Banana V,24535,bakehouse,5.99,,PLU List Bakehouse.xlsx:print list
Muffin Mini Cornbread,25024,bakehouse,5.99,,PLU List Bakehouse.xlsx:print list
Muffin Mini Cran Orange,25025,bakehouse,5.99,,PLU List Bakehouse.xlsx:print list
Muffin Mini Lemon Blue,24536,bakehouse,5.99,,PLU List Bakehouse.xlsx:print list
Muffin Mini Lemon Poppy Seed,24537,bakehouse,5.99,,PLU List Bakehouse.xlsx:print list
Muffin Mini Pumpkin,25022,bakehouse,5.99,,PLU List Bakehouse.xlsx:print list
Muffin Mini Pumpkin V,25023,bakehouse,5.99,,PLU List Bakehouse.xlsx:print list
Muffin Pumpkin Choc,33319,bakehouse,7.99,,PLU List Bakehouse.xlsx:print list
Muffin Pumpkin Choc 4 CT,33319,bakehouse,7.99,4 CT,Copy of PLU Costs.xlsx:Sheet4
Muffin Pumpkin Mini V,25023,bakehouse,5.99,16 CT,Copy of PLU Costs.xlsx:Sheet4
Muffins Mini Cran Orange,25025,bakehouse,5.99,16 CT,Copy of PLU Costs.xlsx:Sheet4
Muffins Mini Pancake,23025,bakehouse,6.99,,PLU List Bakehouse.xlsx:print list
Mulberries OG,14803,bulk,8.99,,PLU BULK Repack Sheet Master.xlsx:Master
Mulligatawny,36720,existing,,,fuzzy:PLU List Deli.xlsx:master
Mulligatawny 16 FZ,36720,deli,4.99,,PLU List Deli.xlsx:master
Mulligatawny 32 FZ,36721,deli,8.99,,PLU List Deli.xlsx:master
Multigrain,60506,small-vendor,,,PLU List Small Vendor.xlsx
Multigrain Bread,3724,small-vendor,,,PLU List Small Vendor.xlsx
Mush Hungarian 16 FZ,31488,deli,4.99,,PLU List Deli.xlsx:master
Mush Hungarian 32 FZ,31489,deli,8.99,,PLU List Deli.xlsx:master
Mushroom 32 FZ,34492,deli,8.99,,PLU List Deli.xlsx:master
Mushrooms 8oz pkg cnv,6821,produce,0.00,,produce-inventory-alt-id.csv
Mushrooms 8oz pkg cnv,6832,produce,0.00,,produce-inventory-alt-id.csv
Mushrooms crimini cnv,4648,produce,4.99,,produce-inventory-alt-id.csv
Mushrooms loose cnv,8838,produce,2.59,,produce-inventory-alt-id.csv
Mushrooms portabella,4650,produce,3.59,,produce-inventory-alt-id.csv
Mushrooms portabella baby cnv,8843,produce,4.99,,produce-inventory-alt-id.csv
Mushrooms portabella pkg cnv,6835,produce,3.99,,produce-inventory-alt-id.csv
Mushrooms portabella sliced cn,8841,produce,2.99,,produce-inventory-alt-id.csv
Mushrooms shiitake c,4651,produce,9.99,,produce-inventory-alt-id.csv
Mushrooms shiitake cnv,8840,produce,8.99,,produce-inventory-alt-id.csv
Mushrooms sliced cnv,8837,produce,1.79,,produce-inventory-alt-id.csv
Mushrooms white cnv,4085,produce,2.99,,produce-inventory-alt-id.csv
Natural Since Day 1 BI Chicken Thighs,50695,meat,,,PLU List Meat Fish.xlsx:meat
Natural Since Day 1 Boneless Chicken Breasts,50691,meat,,,PLU List Meat Fish.xlsx:meat
Natural Since Day 1 Chicken Drumsticks,57680,meat,,,PLU List Meat Fish.xlsx:meat
Natural Since Day 1 Chicken Tenderloins,50694,meat,,,PLU List Meat Fish.xlsx:meat
Nectarine white cnv,3035,produce,1.99,,produce-inventory-alt-id.csv
Nectarines cnv,4035,produce,1.79,,produce-inventory-alt-id.csv
Nectarines cnv,4036,produce,1.99,,produce-inventory-alt-id.csv
Nectarines CNV White,4377,produce,1.59,,produce-inventory-alt-id.csv
NIMAN RANCH Beef Back Ribs,54711,meat,,,PLU List Meat Fish.xlsx:meat
NIMAN RANCH Beef Brisket,51494,meat,,,PLU List Meat Fish.xlsx:meat
NIMAN RANCH Beef Chuck Eye Delmonico,54706,meat,,,PLU List Meat Fish.xlsx:meat
NIMAN RANCH Beef Chuck Roast,54707,meat,,,PLU List Meat Fish.xlsx:meat
NIMAN RANCH Beef Ground,54714,meat,,,PLU List Meat Fish.xlsx:meat
NIMAN RANCH Beef Ground Beef Family Pack,54713,meat,,,PLU List Meat Fish.xlsx:meat
NIMAN RANCH Beef Ox Tail,54705,meat,,,PLU List Meat Fish.xlsx:meat
NIMAN RANCH Beef Roast Round Bottom,54718,meat,,,PLU List Meat Fish.xlsx:meat
NIMAN RANCH Beef Roast Rump,54703,meat,,,PLU List Meat Fish.xlsx:meat
NIMAN RANCH Beef Roast Shoulder,54356,meat,,,PLU List Meat Fish.xlsx:meat
NIMAN RANCH Beef Roast Top Round,54702,meat,,,PLU List Meat Fish.xlsx:meat
NIMAN RANCH Beef Roast Tri Tip,54731,meat,,,PLU List Meat Fish.xlsx:meat
NIMAN RANCH Beef Short Ribs Boneless,51818,meat,,,PLU List Meat Fish.xlsx:meat
NIMAN RANCH Beef Sirloin Tip,54721,meat,,,PLU List Meat Fish.xlsx:meat
NIMAN RANCH Beef Steak Chuck,54723,meat,,,PLU List Meat Fish.xlsx:meat
NIMAN RANCH Beef Steak Flank,54722,meat,,,PLU List Meat Fish.xlsx:meat
NIMAN RANCH Beef Steak Flat Iron,54724,meat,,,PLU List Meat Fish.xlsx:meat
NIMAN RANCH Beef Steak Porter House,54716,meat,,,PLU List Meat Fish.xlsx:meat
NIMAN RANCH Beef Steak Ribeye,54717,meat,,,PLU List Meat Fish.xlsx:meat
NIMAN RANCH Beef Steak Shoulder,54719,meat,,,PLU List Meat Fish.xlsx:meat
NIMAN RANCH Beef Steak Sirloin,54720,meat,,,PLU List Meat Fish.xlsx:meat
NIMAN RANCH Beef Steak Skirt,54710,meat,,,PLU List Meat Fish.xlsx:meat
NIMAN RANCH Beef Steak Strip,54727,meat,,,PLU List Meat Fish.xlsx:meat
NIMAN RANCH Beef Steak TBone,54728,meat,,,PLU List Meat Fish.xlsx:meat
NIMAN RANCH Beef Steak Top Round,54704,meat,,,PLU List Meat Fish.xlsx:meat
NIMAN RANCH Beef Stew Meat,54725,meat,,,PLU List Meat Fish.xlsx:meat
NIMAN RANCH Beef Stir Fry,54726,meat,,,PLU List Meat Fish.xlsx:meat
NIMAN RANCH Beef Tenderlion Steak,54708,meat,,,PLU List Meat Fish.xlsx:meat
NIMAN RANCH Beef Tenderloin Halves,54709,meat,,,PLU List Meat Fish.xlsx:meat
NIMAN RANCH Beef Tri Tips,54715,meat,,,PLU List Meat Fish.xlsx:meat
NIMAN RANCH Bone In Rib Roast,54730,meat,,,PLU List Meat Fish.xlsx:meat
NIMAN RANCH Boneless Rib Roast,54729,meat,,,PLU List Meat Fish.xlsx:meat
NIMAN RANCH Ham Applewood Bone-In,56657,meat,,,PLU List Meat Fish.xlsx:meat
NIMAN RANCH Ham Bone In Uncured,56657,meat,,,PLU List Meat Fish.xlsx:meat
NIMAN RANCH Ham Half Bone In,51798,meat,,,PLU List Meat Fish.xlsx:meat
NIMAN RANCH Ham Quarter Bonless,51797,meat,,,PLU List Meat Fish.xlsx:meat
Niman Ranch Ham Spiral,53494,meat,,,PLU List Meat Fish.xlsx:meat
NIMAN RANCH Ham Steak Uncured,51360,meat,,,PLU List Meat Fish.xlsx:meat
Niman Ranch Ham Uncured Petite,18278,meat,,,PLU List Meat Fish.xlsx:meat
NIMAN RANCH Pork Rib St. Louis,51602,meat,,,PLU List Meat Fish.xlsx:meat
NIMAN RANCH Pork Tenderloin,51542,meat,,,PLU List Meat Fish.xlsx:meat
Noodle Bowl Sesame Cashew,30163,deli,7.99,,PLU List Deli.xlsx:master
Nuggets Bean Bl Ched,30825,deli,8.99,LB,Copy of PLU Costs.xlsx:Sheet4
Nuggets Tofu Buffalo,35662,deli,7.99,,PLU List Deli.xlsx:master
Nuggets Tofu Buffalo Tray 2.5L,33418,deli,19.99,,PLU List Deli.xlsx:master
Nuts chestnuts cnv,1117,produce,5.99,,produce-inventory-alt-id.csv
Nuts Hazelnuts loose,4259,produce,2.99,,produce-inventory-alt-id.csv
Nuts Mixed,4929,produce,2.99,,produce-inventory-alt-id.csv
Nuts Walnuts in Shell,4814,produce,2.99,,produce-inventory-alt-id.csv
NY Style Cheesecake,10924,small-vendor,,,PLU List Small Vendor.xlsx
Oatie Biscotti,36792,bakehouse,2.49,,PLU List Bakehouse.xlsx:print list
Oatmeal Raisin Cookie,20870,code-book,,,Code Book PLUs.xlsx
Oats Rolled Regular OG,18145,bulk,1.29,,PLU BULK Repack Sheet Master.xlsx:Master
Oink & Gobble Bacon Natural,56585,meat,,,PLU List Meat Fish.xlsx:meat
Oink & Gobble Ham Smoked,52488,meat,,,PLU List Meat Fish.xlsx:meat
Oink & Gobble Pork Butt Shoulder,56691,meat,,,PLU List Meat Fish.xlsx:meat
Oink & Gobble Pork Chop,56658,meat,,,PLU List Meat Fish.xlsx:meat
Oink & Gobble Pork Ground,52683,meat,,,PLU List Meat Fish.xlsx:meat
Oink & Gobble Pork Tenderloin,56692,meat,,,PLU List Meat Fish.xlsx:meat
Oink & Gobble Sausage Pork Andouille,56683,meat,,,PLU List Meat Fish.xlsx:meat
Oink & Gobble Sausage Pork Breakfast Sausage,56687,meat,,,PLU List Meat Fish.xlsx:meat
Oink & Gobble Sausage Pork Chorizo,56686,meat,,,PLU List Meat Fish.xlsx:meat
Oink & Gobble Sausage Pork Hot Italian,56685,meat,,,PLU List Meat Fish.xlsx:meat
Oink & Gobble Sausage Pork Kielbasa,56690,meat,,,PLU List Meat Fish.xlsx:meat
Oink & Gobble Sausage Pork Mild Italian,56684,meat,,,PLU List Meat Fish.xlsx:meat
Okra green cnv,4655,produce,2.59,,produce-inventory-alt-id.csv
Olive fresh,4859,produce,5.99,,produce-inventory-alt-id.csv
Olives Castelvetrano,33770,deli,15.99,,PLU List Deli.xlsx:master
Olives Divina Greek,18607,deli,11.99,,PLU List Deli.xlsx:master
Olives Feta,40211,deli,12.99,,PLU List Deli.xlsx:master
Olives Green Blue Cheese,40208,deli,12.99,,PLU List Deli.xlsx:master
Olives Green Castelvetrano,40200,deli,15.99,,PLU List Deli.xlsx:master
Olives Green Cerignola,40209,deli,12.99,,PLU List Deli.xlsx:master
Olives Green Greek Garlic,40202,deli,12.99,,PLU List Deli.xlsx:master
Olives Kalamata Pitted,40204,deli,8.99,,PLU List Deli.xlsx:master
Olives Kalamata Wedges,40565,deli,9.99,,PLU List Deli.xlsx:master
Olives Mezze Platter,35751,deli,14.99,,PLU List Deli.xlsx:master
Olives Peppadews,40210,deli,9.99,,PLU List Deli.xlsx:master
Olives Tapenadema,30054,deli,8.99,,PLU List Deli.xlsx:master
Onions 10 lb cnv,4668,produce,1.99,,produce-inventory-alt-id.csv
Onions bulbs cnv,4659,produce,2.39,,produce-inventory-alt-id.csv
Onions Cooking cnv,4658,produce,0.99,,produce-inventory-alt-id.csv
Onions cooking cnv,4665,produce,0.99,,produce-inventory-alt-id.csv
Onions Green Onions CNV,4068,produce,0.99,,produce-inventory-alt-id.csv
Onions pearl cnv,4660,produce,2.39,,produce-inventory-alt-id.csv
Onions red cnv,4082,produce,1.59,,produce-inventory-alt-id.csv
Onions shallots cnv,4662,produce,1.99,,produce-inventory-alt-id.csv
Onions spanish yello,4093,produce,0.99,,produce-inventory-alt-id.csv
Onions sweet cnv,4165,produce,0.99,,produce-inventory-alt-id.csv
Onions sweet cnv,4166,produce,0.99,,produce-inventory-alt-id.csv
Onions vidalia cnv,4159,produce,0.99,,produce-inventory-alt-id.csv
Onions walla walla c,4163,produce,1.59,,produce-inventory-alt-id.csv
Onions white cnv,4663,produce,1.59,,produce-inventory-alt-id.csv
Onions yellow 2 lb cnv,4666,produce,1.29,,produce-inventory-alt-id.csv
"Onions, Candy",5011,local-produce,,,"Local Produce Codes, August 2017 JC.docx"
Opera Torte,33494,bakehouse,14.99,,PLU List Bakehouse.xlsx:print list
Opera Torte Slice,30406,bakehouse,3.99,,PLU List Bakehouse.xlsx:print list
Orange Blossom 1lb,13532,small-vendor,,,PLU List Small Vendor.xlsx
Orange Blssom,2070,small-vendor,,,PLU List Small Vendor.xlsx
Orange Navel Fla cnv,4385,produce,0.79,,produce-inventory-alt-id.csv
Orange Quinoa,30171,existing,,,reclist
Oranges blood cnv,4381,produce,0.99,,produce-inventory-alt-id.csv
Oranges Cara Cara Red Navel,3110,produce,0.39,,produce-inventory-alt-id.csv
Oranges mandarin royal cnv,4389,produce,0.39,,produce-inventory-alt-id.csv
Oranges navel Calif cnv,3107,produce,0.39,,produce-inventory-alt-id.csv
Oranges navel giant cnv,4390,produce,0.79,,produce-inventory-alt-id.csv
Oranges navel lg cnv,4012,produce,0.79,,produce-inventory-alt-id.csv
Oranges navel small cnv,4013,produce,0.25,,produce-inventory-alt-id.csv
Oranges temple cnv,4386,produce,0.39,,produce-inventory-alt-id.csv
Oranges temple cnv,4387,produce,0.39,,produce-inventory-alt-id.csv
Oranges valencia cnv,3108,produce,0.25,,produce-inventory-alt-id.csv
Oranges Valencia CNV,4014,produce,0.35,,produce-inventory-alt-id.csv
Oranges Valencia cnv,4388,produce,0.29,,produce-inventory-alt-id.csv
"Other, Fig Almond Cake",40664,cheese,10.99,LB,PLU LIST - Cheese.xlsx:Master
Pad Thai (Grab and Go),30063,existing,,,reclist+html+db
Pad Thai Sauce,30063,existing,,,fuzzy:reclist+html+db
Pain Au Levain,34550,bakehouse,4.99,per ea,Copy of PLU Costs.xlsx:Sheet4
Palomino,40607,cheese,18.99,LB,PLU LIST - Cheese.xlsx:Master
Papaya,3111,produce,3.99,,produce-inventory-alt-id.csv
Papaya,3112,produce,3.99,,produce-inventory-alt-id.csv
Papaya Spears Low Sugar,14775,bulk,4.99,,PLU BULK Repack Sheet Master.xlsx:Master
Parfait Cake Choc Cream Rasp,28140,bakehouse,8.99,,PLU List Bakehouse.xlsx:print list
Parfait Cake Choc Cream Straw,28142,bakehouse,8.99,,PLU List Bakehouse.xlsx:print list
Parfait Cake Choc CreamCh Rasp,28141,bakehouse,8.99,,PLU List Bakehouse.xlsx:print list
Parmesan Leek Pastry,20862,code-book,,,Code Book PLUs.xlsx
"Parmesan, Reggiano",40028,cheese,17.99,LB,PLU LIST - Cheese.xlsx:Master
Parsnip Pear 16 FZ,31804,deli,4.99,,PLU List Deli.xlsx:master
Parsnip Pear 32 FZ,31803,deli,8.99,,PLU List Deli.xlsx:master
Pasta Beefy Three Cheese LG,37693,deli,9.99,,PLU List Deli.xlsx:master
Pasta De La Noche,30023,deli,7.99,,PLU List Deli.xlsx:master
Pasta di Noce,30023,existing,,,reclist+html+db
Pasta E Fagioli 16 FZ,39653,deli,4.99,,PLU List Deli.xlsx:master
Pasta E Fagioli 32 FZ,39654,deli,8.99,,PLU List Deli.xlsx:master
Pasta Garlic Lovers,30013,deli,7.99,,PLU List Deli.xlsx:master
Pasta Pesto Di Noci,30818,deli,7.99,,PLU List Deli.xlsx:master
Pasta Primavera,30473,deli,7.99,,PLU List Deli.xlsx:master
Pasta Primavera (new),30473,existing,,,reclist
Pastries Assorted,30497,bakehouse,,,Shrink Log Reference Bakehouse-Deli.xlsx:Bakehouse
Pastry Elephant Ears 4 CT,31655,bakehouse,6.99,,PLU List Bakehouse.xlsx:print list
Pastry Sticky Buns 4 CT,30607,bakehouse,8.99,4 CT,Copy of PLU Costs.xlsx:Sheet4
Pate Walnut Pecan,30045,deli,8.99,,PLU List Deli.xlsx:master
Pawtuxent Farms Lamb Leg Boneless,51408,meat,,,PLU List Meat Fish.xlsx:meat
Pea and Radish Salad,30440,existing,,,reclist+html+db
Peace in the East,30558,existing,,,html+db
Peach Bread,22005,existing,,,reclist
Peaches,3038,produce,1.59,,produce-inventory-alt-id.csv
Peaches,4038,produce,1.99,,produce-inventory-alt-id.csv
Peaches,84403,local-produce,,,"Local Produce Codes, August 2017 JC.docx"
Peaches Homegrown Peaches Local,4044,produce,1.59,,produce-inventory-alt-id.csv
Peaches Jumbo cnv,4403,produce,1.79,,produce-inventory-alt-id.csv
Peaches local cnv,84044,produce,1.79,,produce-inventory-alt-id.csv
Peaches white cnv,4401,produce,1.29,,produce-inventory-alt-id.csv
Peaches Yellow cnv,4402,produce,1.79,,produce-inventory-alt-id.csv
"Peaches, Donut",3113,local-produce,,,"Local Produce Codes, August 2017 JC.docx"
"Peaches, White",4401,local-produce,,,"Local Produce Codes, August 2017 JC.docx"
Peanut Butter Cookie,10921,small-vendor,,,PLU List Small Vendor.xlsx
Peanut Butter Cookie Cake,30558,existing,,,reclist
Peanut Butter Cookies,30558,existing,,,fuzzy:reclist
Peanut Butter Cups (VEGAN),30388,existing,,,reclist
Peanut Crunchy CNV,15650,bulk,4.99,,PLU BULK Repack Sheet Master.xlsx:Master
Peanut Crunchy OG,15560,bulk,7.49,,PLU BULK Repack Sheet Master.xlsx:Master
Peanut Smooth CNV,15655,bulk,4.99,,PLU BULK Repack Sheet Master.xlsx:Master
Peanut Smooth OG,15565,bulk,7.49,,PLU BULK Repack Sheet Master.xlsx:Master
Peanuts Honey Roasted,13002,bulk,3.19,,PLU BULK Repack Sheet Master.xlsx:Master
Peanuts Milk Chocolate,14777,bulk,4.99,,PLU BULK Repack Sheet Master.xlsx:Master
Peanuts Roasted Salted,15030,bulk,2.19,,PLU BULK Repack Sheet Master.xlsx:Master
Pear Red Pear,94415,produce,2.29,,produce-inventory-alt-id.csv
Pears asian cnv,4407,produce,1.59,,produce-inventory-alt-id.csv
Pears Bartlett,4024,produce,1.59,,produce-inventory-alt-id.csv
Pears bartlett cnv,4409,produce,1.59,,produce-inventory-alt-id.csv
Pears Bosc cnv,4026,produce,1.79,,produce-inventory-alt-id.csv
Pears bosc cnv,4413,produce,1.79,,produce-inventory-alt-id.csv
Pears cactus cnv,4255,produce,0.99,,produce-inventory-alt-id.csv
Pears comice cnv,4414,produce,3.99,,produce-inventory-alt-id.csv
Pears d'anjou cnv,4416,produce,1.29,,produce-inventory-alt-id.csv
Pears d'anjou red cnv,4417,produce,1.29,,produce-inventory-alt-id.csv
Pears Forelle Pears,94418,produce,3.99,,produce-inventory-alt-id.csv
Pears packham cnv,4421,produce,1.79,,produce-inventory-alt-id.csv
Peas blackeyed cnv,4673,produce,3.79,,produce-inventory-alt-id.csv
Peas green cnv,4674,produce,2.99,,produce-inventory-alt-id.csv
Peas in a Pod cnv,4676,produce,2.59,,produce-inventory-alt-id.csv
Peas snow cnv,4092,produce,3.99,,produce-inventory-alt-id.csv
Peas sugar snap cnv,4675,produce,2.99,,produce-inventory-alt-id.csv
Peas sugar snap cnv,6838,produce,2.99,,produce-inventory-alt-id.csv
Pecan Pie,30391,existing,,,reclist
Pecans Maple Glazed OG,16171,bulk,22.99,,PLU BULK Repack Sheet Master.xlsx:Master
Pecans Raw,13575,bulk,12.99,,PLU BULK Repack Sheet Master.xlsx:Master
Peppadews,40210,deli,9.99,LB,Copy of PLU Costs.xlsx:Sheet4
Pepper Orange,4121,produce,3.99,,produce-inventory-alt-id.csv
Pepper Orange cnv,3121,produce,3.99,,produce-inventory-alt-id.csv
Pepper Red & Yellow Bell cn,4689,produce,3.59,,produce-inventory-alt-id.csv
Pepper Red Cherry Hot,4722,produce,2.99,,produce-inventory-alt-id.csv
Peppermint Swirl Brownie,30460,existing,,,reclist
Peppers & Onions Julienned,22037,deli,3.99,LB,Copy of PLU Costs.xlsx:Sheet4
Peppers anaheim cnv,4677,produce,2.99,,produce-inventory-alt-id.csv
Peppers banana cnv,4678,produce,2.99,,produce-inventory-alt-id.csv
Peppers chili cnv,4686,produce,2.99,,produce-inventory-alt-id.csv
Peppers chili dried,4685,produce,2.99,,produce-inventory-alt-id.csv
Peppers cubanelle cn,4687,produce,1.79,,produce-inventory-alt-id.csv
Peppers green bell c,4065,produce,1.99,,produce-inventory-alt-id.csv
Peppers habanero cnv,3125,produce,4.99,,produce-inventory-alt-id.csv
Peppers hot mixed cn,4691,produce,2.99,,produce-inventory-alt-id.csv
Peppers hungarian hot cnv,4690,produce,2.99,,produce-inventory-alt-id.csv
Peppers jalapeno green cnv,4693,produce,2.99,,produce-inventory-alt-id.csv
Peppers orange bell cnv,4682,produce,3.99,,produce-inventory-alt-id.csv
Peppers Poblano cnv,4710,produce,1.99,,produce-inventory-alt-id.csv
Peppers purple bell cnv,4683,produce,1.79,,produce-inventory-alt-id.csv
Peppers red bell cnv,4088,produce,2.99,,produce-inventory-alt-id.csv
Peppers red bell cnv,4688,produce,3.59,,produce-inventory-alt-id.csv
Peppers yellow bell cnv,4680,produce,3.99,,produce-inventory-alt-id.csv
"Peppers, Lime",8427,local-produce,,,"Local Produce Codes, August 2017 JC.docx"
"Peppers, Lunch Box Sweet",4832,local-produce,,,"Local Produce Codes, August 2017 JC.docx"
Perch Wild Fresh Ocean,50028,fish,,,PLU List Meat Fish.xlsx:fish
Perfectly Pickled Beets,30277,existing,,,reclist+html+db
Pernil Asado (Puerto Rican Roast Pork),37688,existing,,,fuzzy:PLU List Deli.xlsx:master
Pernil Asado LG,37688,deli,11.99,,PLU List Deli.xlsx:master
Persian Rice Salad,30090,existing,,,reclist+html+db
Persimmon cnv,4427,produce,1.99,,produce-inventory-alt-id.csv
Persimmons Fuyu Persimmons,4428,produce,1.99,,produce-inventory-alt-id.csv
Pesto Tom Sundried,30778,deli,8.99,,PLU List Deli.xlsx:master
Pet Food Pet Food Basic,55783,meat,,,PLU List Meat Fish.xlsx:meat
Pet Food Pet Food Beef,55785,meat,,,PLU List Meat Fish.xlsx:meat
Pet Food Seafood,55784,fish,,,PLU List Meat Fish.xlsx:fish
Phonograph Greening,10200,small-vendor,,,PLU List Small Vendor.xlsx
Piave,43650,cheese,16.99,LB,PLU LIST - Cheese.xlsx:Master
Pico De Gallo,30027,deli,8.99,,PLU List Deli.xlsx:master
Pie 6 Seasonal,30597,bakehouse,7.99,1 CT,Copy of PLU Costs.xlsx:Sheet4
Pie Apple Caramel 6,33491,bakehouse,7.99,,PLU List Bakehouse.xlsx:print list
Pie Apple Caramel 9,33490,bakehouse,16.99,,PLU List Bakehouse.xlsx:print list
Pie Apple Caramel Slice,30788,bakehouse,2.99,,PLU List Bakehouse.xlsx:print list
Pie Apple Db Crust Slice V,32716,bakehouse,2.99,1 CT,Copy of PLU Costs.xlsx:Sheet4
Pie Apple Dbl Crust 6 V,32718,bakehouse,7.99,1 CT,Copy of PLU Costs.xlsx:Sheet4
Pie Apple Dbl Crust 9 V,32717,bakehouse,17.99,1 CT,Copy of PLU Costs.xlsx:Sheet4
Pie Apple Dutch 6,30538,bakehouse,7.99,,PLU List Bakehouse.xlsx:print list
Pie Apple Dutch 6 V,30565,bakehouse,7.99,,PLU List Bakehouse.xlsx:print list
Pie Apple Dutch 9,30717,bakehouse,16.99,,PLU List Bakehouse.xlsx:print list
Pie Apple Dutch 9 V,30725,bakehouse,17.99,,PLU List Bakehouse.xlsx:print list
Pie Apple Dutch Slice,30506,bakehouse,2.99,,PLU List Bakehouse.xlsx:print list
Pie Apple Lattice 6,30719,bakehouse,7.99,,PLU List Bakehouse.xlsx:print list
Pie Apple Lattice 6 V,32718,bakehouse,7.99,,PLU List Bakehouse.xlsx:print list
Pie Apple Lattice 9,30390,bakehouse,16.99,,PLU List Bakehouse.xlsx:print list
Pie Apple Lattice 9 V,32717,bakehouse,17.99,,PLU List Bakehouse.xlsx:print list
Pie Apple Lattice Slice,30733,bakehouse,2.99,,PLU List Bakehouse.xlsx:print list
Pie Apple Lattice Slice V,32716,bakehouse,2.99,,PLU List Bakehouse.xlsx:print list
Pie Apple Slice,30733,bakehouse,2.99,1 CT,Copy of PLU Costs.xlsx:Sheet4
Pie Banana Cream 6,28180,bakehouse,7.99,,PLU List Bakehouse.xlsx:print list
Pie Berry Mixed 6,30598,bakehouse,7.99,,PLU List Bakehouse.xlsx:print list
Pie Berry Mixed 9,31749,bakehouse,16.99,,PLU List Bakehouse.xlsx:print list
Pie Blueberry 6,36751,bakehouse,7.99,,PLU List Bakehouse.xlsx:print list
Pie Blueberry 6 V,33651,bakehouse,7.99,,PLU List Bakehouse.xlsx:print list
Pie Blueberry 9,30785,bakehouse,16.99,,PLU List Bakehouse.xlsx:print list
Pie Blueberry 9 V,33652,bakehouse,15.99,,PLU List Bakehouse.xlsx:print list
Pie Blueberry Crumb 6,36769,bakehouse,7.99,1 CT,Copy of PLU Costs.xlsx:Sheet4
Pie Blueberry Crumb 6 V,33653,bakehouse,7.99,,PLU List Bakehouse.xlsx:print list
Pie Blueberry Crumb 9 V,33309,bakehouse,17.99,,PLU List Bakehouse.xlsx:print list
Pie Blueberry Crumb Slice V,33310,bakehouse,2.99,,PLU List Bakehouse.xlsx:print list
Pie Blueberry Slice,30396,bakehouse,2.99,,PLU List Bakehouse.xlsx:print list
Pie Cherry 6,30596,bakehouse,7.99,,PLU List Bakehouse.xlsx:print list
Pie Cherry 6 V,30511,bakehouse,7.99,,PLU List Bakehouse.xlsx:print list
Pie Cherry 9,30615,bakehouse,16.99,,PLU List Bakehouse.xlsx:print list
Pie Cherry 9 V,30549,bakehouse,17.99,,PLU List Bakehouse.xlsx:print list
Pie Cherry Slice,30653,bakehouse,2.99,,PLU List Bakehouse.xlsx:print list
Pie Cherry Slice V,30720,bakehouse,2.99,,PLU List Bakehouse.xlsx:print list
Pie Dutch Apple Slice V,30789,bakehouse,2.99,,PLU List Bakehouse.xlsx:print list
Pie French Silk 6,30446,bakehouse,7.99,,PLU List Bakehouse.xlsx:print list
Pie French Silk 9,30415,bakehouse,16.99,,PLU List Bakehouse.xlsx:print list
Pie French Silk Slice,30507,bakehouse,2.99,,PLU List Bakehouse.xlsx:print list
Pie Kentucky Derby 6,38403,bakehouse,7.99,,PLU List Bakehouse.xlsx:print list
Pie Kentucky Derby 9,38401,bakehouse,16.99,,PLU List Bakehouse.xlsx:print list
Pie Kentucky Derby Slice,34780,bakehouse,2.99,,PLU List Bakehouse.xlsx:print list
Pie Key Lime 6,30786,bakehouse,7.99,,PLU List Bakehouse.xlsx:print list
Pie Key Lime 9,36650,bakehouse,16.99,,PLU List Bakehouse.xlsx:print list
Pie Key Lime Slice,21003,bakehouse,2.99,,PLU List Bakehouse.xlsx:print list
Pie Mixed Berry Slice,28178,bakehouse,2.99,,PLU List Bakehouse.xlsx:print list
Pie Pb 6,30838,bakehouse,7.99,,PLU List Bakehouse.xlsx:print list
Pie Pb 9,30840,bakehouse,16.99,,PLU List Bakehouse.xlsx:print list
Pie Peach 6,39494,bakehouse,7.99,,PLU List Bakehouse.xlsx:print list
Pie Peach 6 V,39498,bakehouse,7.99,1 CT,Copy of PLU Costs.xlsx:Sheet4
Pie Peach 9,39495,bakehouse,16.99,,PLU List Bakehouse.xlsx:print list
Pie Peach 9 V,39497,bakehouse,16.99,,PLU List Bakehouse.xlsx:print list
Pie Peach Slice,31717,bakehouse,2.99,,PLU List Bakehouse.xlsx:print list
Pie Peach Slice V,31718,bakehouse,2.99,,PLU List Bakehouse.xlsx:print list
Pie Pecan 6,30661,bakehouse,7.99,,PLU List Bakehouse.xlsx:print list
Pie Pecan 6 V,39498,bakehouse,7.99,,PLU List Bakehouse.xlsx:print list
Pie Pecan 9,30391,bakehouse,16.99,,PLU List Bakehouse.xlsx:print list
Pie Pecan Slice,30508,bakehouse,2.99,,PLU List Bakehouse.xlsx:print list
Pie Pump 6,32490,bakehouse,6.99,,PLU List Bakehouse.xlsx:print list
Pie Pump 6 V,30397,bakehouse,7.99,,PLU List Bakehouse.xlsx:print list
Pie Pump 9,30398,bakehouse,14.99,,PLU List Bakehouse.xlsx:print list
Pie Pump 9 V,30525,bakehouse,16.99,,PLU List Bakehouse.xlsx:print list
Pie Pump Choc 9,30527,bakehouse,15.99,1 CT,Copy of PLU Costs.xlsx:Sheet4
Pie Pump Choc Swirl 6,31529,bakehouse,7.99,,PLU List Bakehouse.xlsx:print list
Pie Pump Choc Swirl 6 V,31530,bakehouse,7.99,,PLU List Bakehouse.xlsx:print list
Pie Pump Choc Swirl 9,31526,bakehouse,16.99,,PLU List Bakehouse.xlsx:print list
Pie Pump Choc Swirl 9 V,31528,bakehouse,16.99,,PLU List Bakehouse.xlsx:print list
Pie Pump Choc Swirl Slice,31527,bakehouse,2.99,,PLU List Bakehouse.xlsx:print list
Pie Pump Choc Swirl Slice V,31525,bakehouse,2.99,,PLU List Bakehouse.xlsx:print list
Pie Pump Slice,30410,bakehouse,2.99,,PLU List Bakehouse.xlsx:print list
Pie Pump Slice V,30502,bakehouse,2.99,,PLU List Bakehouse.xlsx:print list
Pie Shell 6 Inch,20021,bakehouse,1.99,,PLU List Bakehouse.xlsx:print list
Pie Shell 6 Inch 2 CT,20025,bakehouse,2.99,,PLU List Bakehouse.xlsx:print list
Pie Shell 6 Inch 2 CT Vegan,20026,bakehouse,2.99,,PLU List Bakehouse.xlsx:print list
Pie Shell 6 Inch V,20022,bakehouse,,,Shrink Log Reference Bakehouse-Deli.xlsx:Bakehouse
Pie Shell 6 Inch Vegan,20022,bakehouse,1.99,,PLU List Bakehouse.xlsx:print list
Pie Shell 9 Inch,20020,bakehouse,3.99,,PLU List Bakehouse.xlsx:print list
Pie Shell 9 Inch 2 CT,20024,bakehouse,5.99,,PLU List Bakehouse.xlsx:print list
Pie Shell 9 Inch 2 CT Vegan,20027,bakehouse,5.99,,PLU List Bakehouse.xlsx:print list
Pie Shell 9 Inch V,20023,bakehouse,,,Shrink Log Reference Bakehouse-Deli.xlsx:Bakehouse
Pie Shell 9 Inch Vegan,20023,bakehouse,3.99,,PLU List Bakehouse.xlsx:print list
Pie Slice Pumpkin Vegan,30536,bakehouse,2.99,per ea,Copy of PLU Costs.xlsx:Sheet4
Pie Straw Rhubarb 6,39306,bakehouse,7.99,,PLU List Bakehouse.xlsx:print list
Pie Straw Rhubarb 9,39307,bakehouse,16.99,,PLU List Bakehouse.xlsx:print list
Pie Straw Rhubarb Slice,39308,bakehouse,2.99,,PLU List Bakehouse.xlsx:print list
Pierogi Bana Pep Cheese 10 CT,34783,deli,9.99,10 CT,Copy of PLU Costs.xlsx:Sheet4
Pierogi Banana Pep Cheese 10 CT,34783,deli,9.99,,PLU List Deli.xlsx:master
Pierogi Banana Pep Cheese 5 CT,34782,deli,5.99,,PLU List Deli.xlsx:master
Pierogi Chix Buffalo 10 CT,37695,deli,9.99,,PLU List Deli.xlsx:master
Pierogi Chix Buffalo 5 CT,37694,deli,5.99,,PLU List Deli.xlsx:master
Pierogi Corned Beef 10 CT,34359,deli,9.99,,PLU List Deli.xlsx:master
Pierogi Corned Beef 5 CT,34358,deli,5.99,,PLU List Deli.xlsx:master
Pierogi Farmers Cheese 10 CT,34356,deli,9.99,,PLU List Deli.xlsx:master
Pierogi Farmers Cheese 5 CT,34355,deli,5.99,,PLU List Deli.xlsx:master
Pierogi Goat Cheese 10 CT,34692,deli,9.99,,PLU List Deli.xlsx:master
Pierogi Goat Cheese 5 CT,34691,deli,5.99,,PLU List Deli.xlsx:master
Pierogi Potato Cheddar 10 CT,34694,deli,9.99,,PLU List Deli.xlsx:master
Pierogi Potato Cheddar 5 CT,34693,deli,5.99,,PLU List Deli.xlsx:master
PIGGERY Pork Bone In Chop W/Med Rub,57498,meat,,,PLU List Meat Fish.xlsx:meat
PIGGERY Pork Bone In Chops,57497,meat,,,PLU List Meat Fish.xlsx:meat
PIGGERY Pork Chop w Ancho Chile Rub,57703,meat,,,PLU List Meat Fish.xlsx:meat
PIGGERY Pork Shoulder (Fresh),51758,meat,,,PLU List Meat Fish.xlsx:meat
Pineapple cnv,4430,produce,2.29,,produce-inventory-alt-id.csv
Pineapple Dark Chocolate Covered,13026,bulk,14.99,,PLU BULK Repack Sheet Master.xlsx:Master
Pineapple OG,16965,bulk,12.99,,PLU BULK Repack Sheet Master.xlsx:Master
Pineapple Rings Low Sugar,14789,bulk,5.49,,PLU BULK Repack Sheet Master.xlsx:Master
Pinenuts OG,13685,bulk,29.99,,PLU BULK Repack Sheet Master.xlsx:Master
Pistachio Meats CNV,13690,bulk,14.99,,PLU BULK Repack Sheet Master.xlsx:Master
Pistachio Meats Raw,14793,bulk,14.99,,PLU BULK Repack Sheet Master.xlsx:Master
Pittsford Heavy Cream,17092,small-vendor,,,PLU List Small Vendor.xlsx
Pizza - Buffalo Chicken 12 inch,22031,existing,,,reclist
Pizza - Four Cheese 12 inch,22045,existing,,,reclist
Pizza Artichoke & Olive LG,30701,deli,12.99,1 CT,Copy of PLU Costs.xlsx:Sheet4
Pizza BBQ Chix 12 Inch,22071,deli,10.99,,PLU List Deli.xlsx:master
Pizza BBQ Seitan 12 Inch,22048,deli,10.99,,PLU List Deli.xlsx:master
Pizza Caramelized Onion,24040,deli,7.99,1 CT,Copy of PLU Costs.xlsx:Sheet4
Pizza Cheese Party,22255,deli,10.99,1 CT,Copy of PLU Costs.xlsx:Sheet4
Pizza Cheese V,24064,deli,7.99,,PLU List Deli.xlsx:master
Pizza Cheese V 12 Inch,24065,deli,10.99,,PLU List Deli.xlsx:master
Pizza Chicken Parmesan,24016,deli,11.99,1 CT,Copy of PLU Costs.xlsx:Sheet4
Pizza Chicken Pesto 12 Inch,22051,deli,10.99,,PLU List Deli.xlsx:master
Pizza Chix BBQ,24038,deli,7.99,1 CT,Copy of PLU Costs.xlsx:Sheet4
Pizza Chix Buffalo,24012,deli,7.99,,PLU List Deli.xlsx:master
Pizza Chix Finger,24014,deli,7.99,1 CT,Copy of PLU Costs.xlsx:Sheet4
Pizza Chix Finger 12 Inch,24059,deli,12.99,,PLU List Deli.xlsx:master
Pizza Chix Finger 6 Inch,24014,deli,7.99,,PLU List Deli.xlsx:master
Pizza Chix Pesto,24017,deli,7.99,1 CT,Copy of PLU Costs.xlsx:Sheet4
Pizza Dough,30041,bakehouse,,,Shrink Log Reference Bakehouse-Deli.xlsx:Bakehouse
Pizza Dough Frozen,30041,deli,2.29,,PLU List Deli.xlsx:master
Pizza Eggplant Hummus,24026,deli,7.99,1 CT,Copy of PLU Costs.xlsx:Sheet4
Pizza Eggplant Parm,24020,deli,7.99,1 CT,Copy of PLU Costs.xlsx:Sheet4
Pizza Four Cheese,24027,deli,7.99,,PLU List Deli.xlsx:master
Pizza Four Cheese 12 Inch,22045,deli,10.99,,PLU List Deli.xlsx:master
Pizza Four Seasons,24028,deli,7.99,,PLU List Deli.xlsx:master
Pizza Four Seasons 12 Inch,22065,deli,10.99,,PLU List Deli.xlsx:master
Pizza Four Seasons Party,21556,deli,12.99,,PLU List Deli.xlsx:master
Pizza Greek,24023,deli,7.99,,PLU List Deli.xlsx:master
Pizza Greek V 12 Inch,22061,deli,10.99,1 CT,Copy of PLU Costs.xlsx:Sheet4
Pizza Greek Vegan,33417,deli,7.99,,PLU List Deli.xlsx:master
Pizza Green,24042,deli,7.99,,PLU List Deli.xlsx:master
Pizza Hawaiian,22023,deli,7.99,,PLU List Deli.xlsx:master
Pizza Kale Garlic,24024,deli,7.99,,PLU List Deli.xlsx:master
Pizza Margherita,24025,deli,7.99,,PLU List Deli.xlsx:master
Pizza Margherita 12 Inch,22052,deli,10.99,,PLU List Deli.xlsx:master
Pizza Mediterranean,24022,deli,7.99,,PLU List Deli.xlsx:master
Pizza Mediterranean 12 Inch,22053,deli,10.99,,PLU List Deli.xlsx:master
Pizza Mediterranean Sausa,22025,deli,7.99,,PLU List Deli.xlsx:master
Pizza Mediterranean Sausage 12,22068,deli,10.99,,PLU List Deli.xlsx:master
Pizza Mexican,24029,deli,7.99,,PLU List Deli.xlsx:master
Pizza Mexican 12 Inch,22055,deli,10.99,,PLU List Deli.xlsx:master
Pizza Mush,30675,deli,7.99,,PLU List Deli.xlsx:master
Pizza Mushroom 12 Inch,22069,deli,10.99,,PLU List Deli.xlsx:master
Pizza Pep,24050,deli,7.99,,PLU List Deli.xlsx:master
Pizza Pepperoni 12 Inch,22033,deli,10.99,,PLU List Deli.xlsx:master
Pizza Roast Veg Romesco 12 Inc,36655,deli,10.99,,PLU List Deli.xlsx:master
Pizza Roast Veg Romesco 6 Inch,36654,deli,7.99,,PLU List Deli.xlsx:master
Pizza Roasted Veggie 12 Inch,22056,deli,10.99,,PLU List Deli.xlsx:master
Pizza Roasted Veggie Party,21555,deli,10.99,1 CT,Copy of PLU Costs.xlsx:Sheet4
Pizza Roasted Veggie Party,24057,deli,12.99,,PLU List Deli.xlsx:master
Pizza Salmon Smoked,24031,deli,8.99,,PLU List Deli.xlsx:master
Pizza Sauce,22034,deli,2.29,LB,Copy of PLU Costs.xlsx:Sheet4
Pizza Saus Fig,24039,deli,8.99,,PLU List Deli.xlsx:master
Pizza Sausage Fig 12 Inch,22058,deli,10.99,,PLU List Deli.xlsx:master
Pizza Slice Cheese,37673,deli,2.99,,PLU List Deli.xlsx:master
Pizza Southwest,24033,deli,8.99,,PLU List Deli.xlsx:master
Pizza Spinach & Garlic,22024,deli,7.99,,PLU List Deli.xlsx:master
Pizza Spinach & Garlic 12 Inch,22059,deli,10.99,,PLU List Deli.xlsx:master
Pizza Steak Cheese,24034,deli,8.99,,PLU List Deli.xlsx:master
Pizza Sundried Tomato Chix,30673,deli,7.99,,PLU List Deli.xlsx:master
Pizza Sundried Tomato Chix 12,22050,deli,10.99,,PLU List Deli.xlsx:master
Pizza Supreme,24062,deli,7.99,,PLU List Deli.xlsx:master
Pizza Supreme 12 Inch,24063,deli,10.99,,PLU List Deli.xlsx:master
Pizza Taco,22022,deli,7.99,,PLU List Deli.xlsx:master
Pizza Ultimate Green 12 Inch,22060,deli,10.99,,PLU List Deli.xlsx:master
Pizza Veggie,24036,deli,7.99,,PLU List Deli.xlsx:master
Pizza Veggie Roasted Feta,37490,deli,7.99,,PLU List Deli.xlsx:master
Pizza Waldorf,24018,deli,7.99,,PLU List Deli.xlsx:master
Pizza White,24045,deli,7.99,,PLU List Deli.xlsx:master
Pizza White 12 Inch,22062,deli,10.99,,PLU List Deli.xlsx:master
Pizza White V,24046,deli,7.99,,PLU List Deli.xlsx:master
Pizza White V 12 Inch,24066,deli,10.99,,PLU List Deli.xlsx:master
Pizza--BBQ Seitan (vegan),30165,existing,,,fuzzy:html+db
Pizza--Buffalo Chicken,24012,existing,,,fuzzy:reclist
"Pizza--Buffalo Chicken 6""",24012,existing,,,reclist
Pizza--Chicken & Sun Dried Tomato Pesto,30673,existing,,,reclist
Pizza--Four Cheese,24027,existing,,,reclist
Pizza--Spinach & Garlic Pizza,22024,existing,,,reclist
Pizza--Vegan Greek,24023,existing,,,reclist
Pizza--White,24045,existing,,,reclist
Pizza--White (Vegan),24046,existing,,,reclist
Plainville Bulk Ground Turkey,54354,meat,,,PLU List Meat Fish.xlsx:meat
Plainville Sausage Turkey Breakfast,51799,meat,,,PLU List Meat Fish.xlsx:meat
Plainville Sausage Turkey Mild Italian,51415,meat,,,PLU List Meat Fish.xlsx:meat
Plainville Turkey Breast,50018,meat,,,PLU List Meat Fish.xlsx:meat
Plainville Turkey Breast 4-8 lb,58722,meat,,,PLU List Meat Fish.xlsx:meat
Plainville Turkey Breast 8lb +,58723,meat,,,PLU List Meat Fish.xlsx:meat
Plainville Turkey Breast Organic Split,51657,meat,,,PLU List Meat Fish.xlsx:meat
Plainville Turkey Breast Smoked,54360,meat,,,PLU List Meat Fish.xlsx:meat
Plainville Turkey Breast Steak,57499,meat,,,PLU List Meat Fish.xlsx:meat
Plainville Turkey Breast w/neck and back,51656,meat,,,PLU List Meat Fish.xlsx:meat
Plainville Turkey Drumsticks,55859,meat,,,PLU List Meat Fish.xlsx:meat
Plainville Turkey Necks,55857,meat,,,PLU List Meat Fish.xlsx:meat
Plainville Turkey Smoked Drumsticks,50652,meat,,,PLU List Meat Fish.xlsx:meat
Plainville Turkey Smoked Necks,54359,meat,,,PLU List Meat Fish.xlsx:meat
Plainville Turkey Smoked Wings,54358,meat,,,PLU List Meat Fish.xlsx:meat
Plainville Turkey Tenderloin,55858,meat,,,PLU List Meat Fish.xlsx:meat
Plainville Turkey Tenderloin Sesame Ginger,55770,meat,,,PLU List Meat Fish.xlsx:meat
Plainville Turkey Tenderloin Stuffed,53417,meat,,,PLU List Meat Fish.xlsx:meat
Plainville Turkey Thighs,55856,meat,,,PLU List Meat Fish.xlsx:meat
Plainville Turkey Whole (Fresh),51558,meat,,,PLU List Meat Fish.xlsx:meat
Plainville Turkey Whole (Frozen),52747,meat,,,PLU List Meat Fish.xlsx:meat
Plainville Turkey Whole 10-12,58711,meat,,,PLU List Meat Fish.xlsx:meat
Plainville Turkey Whole 12-14,58712,meat,,,PLU List Meat Fish.xlsx:meat
Plainville Turkey Whole 14-16,58713,meat,,,PLU List Meat Fish.xlsx:meat
Plainville Turkey Whole 16-18,58714,meat,,,PLU List Meat Fish.xlsx:meat
Plainville Turkey Whole 18-20,58715,meat,,,PLU List Meat Fish.xlsx:meat
Plainville Turkey Whole 20-22,58716,meat,,,PLU List Meat Fish.xlsx:meat
Plainville Turkey Whole 22-24,58717,meat,,,PLU List Meat Fish.xlsx:meat
Plainville Turkey Whole 24-26,58718,meat,,,PLU List Meat Fish.xlsx:meat
Plainville Turkey Whole 26-28,58719,meat,,,PLU List Meat Fish.xlsx:meat
Plainville Turkey Whole 28-30,58720,meat,,,PLU List Meat Fish.xlsx:meat
Plainville Turkey Whole 30+,58721,meat,,,PLU List Meat Fish.xlsx:meat
Plainville Turkey Whole 8-10,58710,meat,,,PLU List Meat Fish.xlsx:meat
Plainville Turkey Whole Organic 10-16,58725,meat,,,PLU List Meat Fish.xlsx:meat
Plainville Turkey Whole Organic 16-20,58726,meat,,,PLU List Meat Fish.xlsx:meat
Plainville Turkey Whole Organic 20-24,58727,meat,,,PLU List Meat Fish.xlsx:meat
Plainville Turkey Whole Organic 24+,58728,meat,,,PLU List Meat Fish.xlsx:meat
Plainville Turkey Whole Organic PV,30735,meat,,,PLU List Meat Fish.xlsx:meat
Plainville Turkey Whole Organic Under 10 lbs,58724,meat,,,PLU List Meat Fish.xlsx:meat
Plainville Turkey Wings PV,55855,meat,,,PLU List Meat Fish.xlsx:meat
Plant 4 pk Edible,1807,produce,1.69,,produce-inventory-alt-id.csv
Plant 6 pk Edible,1806,produce,1.99,,produce-inventory-alt-id.csv
PLUM Plumcot cnv,3126,produce,2.99,,produce-inventory-alt-id.csv
PLUM Pluots cnv,3278,produce,1.99,,produce-inventory-alt-id.csv
Plums black cnv,4040,produce,1.99,,produce-inventory-alt-id.csv
Plums Black cnv,4440,produce,1.99,,produce-inventory-alt-id.csv
Plums Black cnv,84040,produce,1.69,,produce-inventory-alt-id.csv
Plums green cnv,4434,produce,1.29,,produce-inventory-alt-id.csv
Plums loc,84039,produce,1.99,,produce-inventory-alt-id.csv
Plums prune italian cnv,4436,produce,1.29,,produce-inventory-alt-id.csv
Plums red cnv,4039,produce,1.99,,produce-inventory-alt-id.csv
Plums Red CNV,4041,produce,1.99,,produce-inventory-alt-id.csv
Plums red cnv,4042,produce,1.99,,produce-inventory-alt-id.csv
Plums Red Cnv,84042,produce,1.29,,produce-inventory-alt-id.csv
Plums Red Plums,94439,produce,1.99,,produce-inventory-alt-id.csv
Plums yellow cnv,4442,produce,1.29,,produce-inventory-alt-id.csv
"Plums, Italian Prune",4436,local-produce,,,"Local Produce Codes, August 2017 JC.docx"
"Plums, Yellow",84042,local-produce,,,"Local Produce Codes, August 2017 JC.docx"
Pomegranates cnv,3127,produce,1.99,,produce-inventory-alt-id.csv
Pomegranates cnv,4445,produce,1.99,,produce-inventory-alt-id.csv
Popcorn Multi-Color,14791,bulk,1.99,,PLU BULK Repack Sheet Master.xlsx:Master
Popcorn Yellow OG,18175,bulk,1.99,,PLU BULK Repack Sheet Master.xlsx:Master
Pork Pot Stickers Steamed,33416,deli,3.49,,PLU List Deli.xlsx:master
Pork Pulled BBQ,35489,deli,9.99,,PLU List Deli.xlsx:master
Pork Sweet Potato Gratin,38405,deli,11.99,,PLU List Deli.xlsx:master
Port Salut,40067,cheese,15.99,LB,PLU LIST - Cheese.xlsx:Master
Portabello 16 FZ,31736,deli,4.99,,PLU List Deli.xlsx:master
Portabello 32 FZ,31735,deli,8.99,,PLU List Deli.xlsx:master
Pot Pie Chix 6,37307,deli,5.99,,PLU List Deli.xlsx:master
Pot Pie Chix 9,37308,deli,14.99,,PLU List Deli.xlsx:master
Pot Pie Vegetable 6,33790,deli,7.99,1 CT,Copy of PLU Costs.xlsx:Sheet4
Pot Pie Vegetable 9,33791,deli,14.99,1 CT,Copy of PLU Costs.xlsx:Sheet4
Pot Pie Vegtable 6 Inch,33790,deli,5.99,,PLU List Deli.xlsx:master
Pot Pie Vegtable 9 Inch,33791,deli,14.99,,PLU List Deli.xlsx:master
Potato creamer red c,4723,produce,1.59,,produce-inventory-alt-id.csv
Potato creamer white,4724,produce,1.59,,produce-inventory-alt-id.csv
Potato Leek 16 FZ,36710,deli,4.99,,PLU List Deli.xlsx:master
Potato Leek 32 FZ,30019,deli,8.99,,PLU List Deli.xlsx:master
Potato long white cn,4726,produce,1.59,,produce-inventory-alt-id.csv
Potato purple cnv,3128,produce,1.79,,produce-inventory-alt-id.csv
Potato red 5 lb cnv,4731,produce,1.79,,produce-inventory-alt-id.csv
Potato red baby cnv,4728,produce,1.59,,produce-inventory-alt-id.csv
Potato red cnv,4073,produce,0.49,,produce-inventory-alt-id.csv
Potato russet 5 lb cnv,4730,produce,0.00,,produce-inventory-alt-id.csv
Potato russet cnv,4725,produce,0.69,,produce-inventory-alt-id.csv
Potato Salad,30082,existing,,,reclist+html+db
Potato Salad with Pesto,30082,existing,,,fuzzy:reclist+html+db
Potato Sweet Casserole,33659,deli,8.99,,PLU List Deli.xlsx:master
Potato Sweet Casserole LG,33660,deli,11.99,,PLU List Deli.xlsx:master
Potato white baby b's cnv,4729,produce,0.59,,produce-inventory-alt-id.csv
Potato white cnv,4083,produce,0.69,,produce-inventory-alt-id.csv
Potato White Potatoes cnv,7796,produce,1.59,,produce-inventory-alt-id.csv
POTATO Yams sweet potato cn,4091,produce,0.69,,produce-inventory-alt-id.csv
Potato yellow cnv,4727,produce,0.69,,produce-inventory-alt-id.csv
Potatoes 10 lb White cnv,4733,produce,0.69,,produce-inventory-alt-id.csv
Potatoes Scalloped 32 OZ,31403,deli,9.99,,PLU List Deli.xlsx:master
Pound Maple Yogurt,25016,bakehouse,4.99,,PLU List Bakehouse.xlsx:print list
Power Bread,3720,small-vendor,,,PLU List Small Vendor.xlsx
Pretzel Giant,60525,small-vendor,,,PLU List Small Vendor.xlsx
Pretzels Milk Chocolate Covered,13021,bulk,8.99,,PLU BULK Repack Sheet Master.xlsx:Master
Pretzels Raspberry Covered,15230,bulk,7.99,,PLU BULK Repack Sheet Master.xlsx:Master
Prunes Pitted OG,16280,bulk,11.99,,PLU BULK Repack Sheet Master.xlsx:Master
Public Espresso Doughnuts,31660,bakehouse,,,Shrink Log Reference Bakehouse-Deli.xlsx:Bakehouse
Pudding Coco Mango,30293,bakehouse,4.99,,PLU List Bakehouse.xlsx:print list
Puget Sound Artichoke Salad,30578,existing,,,reclist+html+db
Pulled Pork Asian BBQ,33422,deli,7.99,,PLU List Deli.xlsx:master
Pulled Pork BBQ Maple Bourbon,31792,deli,14.99,,PLU List Deli.xlsx:master
"Pumpkin Bread, Vegan",25012,existing,,,reclist
Pumpkin Chocolate Chip Muffin,20849,code-book,,,Code Book PLUs.xlsx
Pumpkin Pie Pumpkin cnv,4735,produce,0.49,,produce-inventory-alt-id.csv
Pumpkin Seeds Spicy OG,15795,bulk,7.59,,PLU BULK Repack Sheet Master.xlsx:Master
Pumpkin Spice Truffles,14821,bulk,18.99,,PLU BULK Repack Sheet Master.xlsx:Master
PUREPAC Lake Smelt,50593,fish,,,PLU List Meat Fish.xlsx:fish
Quesadilla (chicken),32712,existing,,,fuzzy:PLU List Deli.xlsx:master
Quesadilla Chix,32713,deli,4.49,,PLU List Deli.xlsx:master
Quesadilla V,32712,deli,3.99,,PLU List Deli.xlsx:master
Quesadilla Veggie Cheddar,34674,deli,3.99,,PLU List Deli.xlsx:master
Quesadilla Veggie Feta,34408,deli,3.99,,PLU List Deli.xlsx:master
Quiche Asparagu Goat Cheese 6,38416,deli,5.99,,PLU List Deli.xlsx:master
Quiche Asparagu Goat Cheese 9,38417,deli,14.99,,PLU List Deli.xlsx:master
Quiche Bacon Swiss 6,30697,deli,5.99,,PLU List Deli.xlsx:master
Quiche Bacon Swiss 9,30696,deli,14.99,,PLU List Deli.xlsx:master
Quiche Broccoli Ched 6,33708,deli,5.99,,PLU List Deli.xlsx:master
Quiche Broccoli Ched 9,33707,deli,14.99,,PLU List Deli.xlsx:master
Quiche Ham Swiss 6,33719,deli,5.99,,PLU List Deli.xlsx:master
Quiche Ham Swiss 9,33717,deli,14.99,,PLU List Deli.xlsx:master
Quiche Spinach Red 6 Inch,33685,deli,5.99,,PLU List Deli.xlsx:master
Quiche Spinach Red 9 Inch,33684,deli,14.99,,PLU List Deli.xlsx:master
Quiche Swiss Mushroom 6,33723,deli,5.99,1 CT,Copy of PLU Costs.xlsx:Sheet4
"Quiche, Bacon Swiss, 9""",30696,existing,,,reclist
"Quiche, Broccoli Cheddar, 9""",33707,existing,,,reclist
"Quiche, Roasted red pepper, 9""",33684,existing,,,reclist
Quinoa Lemon Spinach,31810,deli,8.9,,PLU List Deli.xlsx:master
Quinoa Orange,30171,deli,8.99,,PLU List Deli.xlsx:master
Quinoa Orange 32 OZ,37696,deli,11.99,,PLU List Deli.xlsx:master
Quinoa/Rice 16 OZ,30952,deli,,,Shrink Log Reference Bakehouse-Deli.xlsx:PFD_Deli
Quinoa/Rice 32 OZ,30953,deli,,,Shrink Log Reference Bakehouse-Deli.xlsx:PFD_Deli
Quinoa/Rice 8 OZ,30951,deli,,,Shrink Log Reference Bakehouse-Deli.xlsx:PFD_Deli
Rachel's Guilty Pleasures Spread,40613,cheese,6.99,8 OZ,PLU LIST - Cheese.xlsx:Master
"Raclette, Silverlake 1/4 wheel",41500,cheese,21.99,LB,PLU LIST - Cheese.xlsx:Master
"Raclette, Underpass (Raclette Style)",40420,cheese,18.99,LB,PLU LIST - Cheese.xlsx:Master
"Raclette, Underpass Reserve",40421,cheese,18.99,LB,PLU LIST - Cheese.xlsx:Master
Radicchio Chicken Salad,30097,existing,,,reclist+html+db
Radicchio cnv,4738,produce,3.99,,produce-inventory-alt-id.csv
Radish 1 lb cnv,6827,produce,0.99,,produce-inventory-alt-id.csv
Radish 1 lb cnv,6828,produce,0.99,,produce-inventory-alt-id.csv
Radish 1 lb cnv,6836,produce,0.99,,produce-inventory-alt-id.csv
Radish bunched cnv,4089,produce,1.59,,produce-inventory-alt-id.csv
Radish bunched cnv,4740,produce,1.59,,produce-inventory-alt-id.csv
Radish loose cnv,4742,produce,1.99,,produce-inventory-alt-id.csv
Radish loose cnv,4743,produce,1.99,,produce-inventory-alt-id.csv
Rainbow Drops Milk Choc,15495,bulk,8.99,,PLU BULK Repack Sheet Master.xlsx:Master
Rainbows End Mix,14794,bulk,7.99,,PLU BULK Repack Sheet Master.xlsx:Master
Raisins Chocolate,14090,bulk,10.99,,PLU BULK Repack Sheet Master.xlsx:Master
Raisins Flame OG,15750,bulk,3.49,,PLU BULK Repack Sheet Master.xlsx:Master
Raisins Flames OG,16190,bulk,5.99,,PLU BULK Repack Sheet Master.xlsx:Master
Raisins Golden,14787,bulk,2.99,,PLU BULK Repack Sheet Master.xlsx:Master
Raisins Himalayan OG,14804,bulk,9.99,,PLU BULK Repack Sheet Master.xlsx:Master
Raisins Milk Chocolate,14776,bulk,4.99,,PLU BULK Repack Sheet Master.xlsx:Master
Raisins Sultanas OG,16285,bulk,4.99,,PLU BULK Repack Sheet Master.xlsx:Master
Raisins Thompson,14786,bulk,2.99,,PLU BULK Repack Sheet Master.xlsx:Master
Raisins Thompson OG,16185,bulk,4.99,,PLU BULK Repack Sheet Master.xlsx:Master
Ramen Cabbage Crunch,30055,deli,8.99,,PLU List Deli.xlsx:master
Raspberry Cheesecake Brownies,30375,existing,,,reclist
Ratatouille,30159,deli,8.99,,PLU List Deli.xlsx:master
Ravioli Lobster,34357,deli,13.99,,PLU List Deli.xlsx:master
Ravioli with Ham and Peas,34657,deli,7.99,,PLU List Deli.xlsx:master
Raw Cocoa Goji Trail Mix OG,14795,bulk,8.99,,PLU BULK Repack Sheet Master.xlsx:Master
Raw Deal,30918,existing,,,fuzzy:PLU List Deli.xlsx:master
Red Curry Tofu,30631,existing,,,reclist+html+db
RED GATE Duck Whole Pekin,53488,meat,,,PLU List Meat Fish.xlsx:meat
RED GATE Ham Daisy,53308,meat,,,PLU List Meat Fish.xlsx:meat
Red Lentil Daal 16 FZ,30143,deli,4.99,,PLU List Deli.xlsx:master
Red Lentil Daal 32 FZ,30483,deli,8.99,,PLU List Deli.xlsx:master
Red Lentil Soup with Potatoes and Spinach,37356,existing,,,fuzzy:reclist
Red Snapper,51307,fish,,,PLU List Meat Fish.xlsx:fish
Relish Cran Citrius,30409,deli,8.99,,PLU List Deli.xlsx:master
Relish Cran Citrus,30409,deli,8.99,LB,Copy of PLU Costs.xlsx:Sheet4
Reuban (Corned Beef on Rye),31760,existing,,,reclist+html+db
Rhubarb cnv,4745,produce,3.99,,produce-inventory-alt-id.csv
Rice Brown Quinoa 16 OZ OG,30952,deli,2.99,16 OZ,Copy of PLU Costs.xlsx:Sheet4
Rice Brown Quinoa 32 OZ OG,30953,deli,3.99,32 OZ,Copy of PLU Costs.xlsx:Sheet4
Rice Brown Quinoa 8 OZ OG,30951,deli,1.99,8 OZ,Copy of PLU Costs.xlsx:Sheet4
Rice Krispy Treats,30567,existing,,,reclist
Rice Salad,30090,existing,,,fuzzy:reclist+html+db
Rice Sesame,31809,deli,8.99,,PLU List Deli.xlsx:master
"Ricotta Salata, Toscanella",47493,cheese,11.99,LB,PLU LIST - Cheese.xlsx:Master
"Ricotta, Miceli Old Fashioned",43714,cheese,4.99,LB,PLU LIST - Cheese.xlsx:Master
Roast Vegetables,34651,existing,,,fuzzy:PLU List Deli.xlsx:master
Roast Vegetables with Feta,34651,deli,6.99,,PLU List Deli.xlsx:master
Roast Vegetables with Harissa,34651,existing,,,fuzzy:PLU List Deli.xlsx:master
Roasted Garlic Hummus,30327,existing,,,fuzzy:alias:html+db
Roasted Red Pepper Hummus,30028,existing,,,reclist+html+db
"Robiola Bosina, Alta Langa",40300,cheese,26.99,9.7 OZ,PLU LIST - Cheese.xlsx:Master
Roll Assorted Dinner,33500,bakehouse,0.5,1 CT,Copy of PLU Costs.xlsx:Sheet4
Roll Brioche 1 CT,28191,deli,0.5,,PLU List Deli.xlsx:master
Roll Brioche 6 CT,28190,bakehouse,3.49,,PLU List Bakehouse.xlsx:print list
Roll Ciabatta,30581,bakehouse,3.49,,PLU List Bakehouse.xlsx:print list
Roll Ciabatta,30586,bakehouse,0.99,,PLU List Bakehouse.xlsx:print list
Roll Club 6 CT,28192,bakehouse,2.99,,PLU List Bakehouse.xlsx:print list
Roll Dinner Luigis 6 CT,32555,bakehouse,2.99,,PLU List Bakehouse.xlsx:print list
Roll Dinner Potato,20030,bakehouse,1.99,,PLU List Bakehouse.xlsx:print list
Roll Dinner Tradtional,20029,bakehouse,1.99,,PLU List Bakehouse.xlsx:print list
Roll Hamburger,28196,bakehouse,0.5,,PLU List Bakehouse.xlsx:print list
Roll Hot Dog,34781,bakehouse,0.5,,PLU List Bakehouse.xlsx:print list
Roll Hot Dog Luigis 6 CT,36557,bakehouse,2.99,,PLU List Bakehouse.xlsx:print list
Roll Luigis 6 CT,39500,bakehouse,4.29,,PLU List Bakehouse.xlsx:print list
Roll Multi Grain 1 CT,28195,deli,0.5,,PLU List Deli.xlsx:master
Roll Multi Grain 6 CT,28194,bakehouse,3.49,,PLU List Bakehouse.xlsx:print list
Rolls Hamburger Luigis 6 CT,36556,bakehouse,2.99,,PLU List Bakehouse.xlsx:print list
Rolls Mediterranean 6 CT,30582,bakehouse,3.49,,PLU List Bakehouse.xlsx:print list
Romaine hearts cnv,3362,produce,2.29,,produce-inventory-alt-id.csv
"Romano, Brigante With Truffle",43708,cheese,13.99,LB,PLU LIST - Cheese.xlsx:Master
"Romano, Pecorino",40029,cheese,12.99,LB,PLU LIST - Cheese.xlsx:Master
"Romano, Pecorino Genuine Fulvi",40313,cheese,14.99,LB,PLU LIST - Cheese.xlsx:Master
Romesco Sauce,38504,existing,,,fuzzy:PLU List Deli.xlsx:master
Root Burdock root cnv,3091,produce,5.99,,produce-inventory-alt-id.csv
Root Horseradish root cnv,4625,produce,5.99,,produce-inventory-alt-id.csv
Root Malanga Lila,4644,produce,1.99,,produce-inventory-alt-id.csv
Root taro cnv,4795,produce,5.99,,produce-inventory-alt-id.csv
Root Yucca root cnv,4819,produce,1.99,,produce-inventory-alt-id.csv
Rub Cajun,35559,deli,18.99,LB,Copy of PLU Costs.xlsx:Sheet4
Rutabagas cnv,4747,produce,2.59,,produce-inventory-alt-id.csv
Rye,60502,small-vendor,,,PLU List Small Vendor.xlsx
Sahlens Boneless Hams,52770,meat,,,PLU List Meat Fish.xlsx:meat
Salad - Chef 2022,34823,existing,,,reclist
Salad - Greek,34824,existing,,,reclist
Salad - Kale,34827,existing,,,reclist
Salad - Southwest Chicken,34826,existing,,,reclist
Salad - Spinach,34825,existing,,,reclist
Salad Alpha Omega,32307,deli,8.99,,PLU List Deli.xlsx:master
Salad Bar,30901,deli,,,Shrink Log Reference Bakehouse-Deli.xlsx:PFD_Deli
Salad Broccoli Cashew,30299,deli,8.99,,PLU List Deli.xlsx:master
Salad Carrot Ginger,30620,deli,8.99,,PLU List Deli.xlsx:master
Salad Carrot Ginger -,30620,deli,8.99,,Copy of PLU Costs.xlsx:Sheet4
Salad Chef,30088,deli,8.99,,PLU List Deli.xlsx:master
Salad Chix Almond,30096,deli,11.99,,PLU List Deli.xlsx:master
Salad Chix Cajun,37699,deli,,,PLU List Deli.xlsx:master
Salad Chix Curry Lime,30600,deli,11.99,,PLU List Deli.xlsx:master
Salad Egg,30012,deli,5.99,,PLU List Deli.xlsx:master
Salad Forbidden Rice,30638,deli,8.99,,PLU List Deli.xlsx:master
Salad Greek Chix,30316,deli,8.99,,PLU List Deli.xlsx:master
Salad Greek Orzo,30300,deli,8.99,,PLU List Deli.xlsx:master
Salad Kale,36665,deli,8.99,,PLU List Deli.xlsx:master
Salad Kale Sesame Emerald,30190,deli,8.99,,PLU List Deli.xlsx:master
Salad Lentil French,30827,deli,7.9,,PLU List Deli.xlsx:master
Salad Macaroni,30073,deli,5.99,,PLU List Deli.xlsx:master
Salad mix cnv,5001,produce,0.00,,produce-inventory-alt-id.csv
Salad Mozzarella Tom Basil,36836,deli,9.99,,PLU List Deli.xlsx:master
Salad Potato,30082,deli,5.99,,PLU List Deli.xlsx:master
Salad Radicchio Chix Pecan,30097,deli,11.99,,PLU List Deli.xlsx:master
Salad Raw Deal,30918,deli,9.99,,PLU List Deli.xlsx:master
Salad Raw Kale,33760,deli,9.99,,PLU List Deli.xlsx:master
Salad Southwest Chix,36662,deli,8.99,,PLU List Deli.xlsx:master
Salad Spinach,30103,deli,8.99,,PLU List Deli.xlsx:master
Salad Spinach Maple Vinegar,30861,deli,8.99,,PLU List Deli.xlsx:master
Salad Thai Cucumber,30304,deli,7.99,,PLU List Deli.xlsx:master
Salad Tortellini,30297,deli,8.99,,PLU List Deli.xlsx:master
Salad Tuna,30553,deli,9.99,,PLU List Deli.xlsx:master
Salads caesar mix cnv,6495,produce,2.29,,produce-inventory-alt-id.csv
Salmon Atlantic Fillet,50686,fish,,,PLU List Meat Fish.xlsx:fish
Salmon Burgers,55702,fish,,,PLU List Meat Fish.xlsx:fish
Salmon Farm Raised Norway,39401,fish,,,PLU List Meat Fish.xlsx:fish
Salmon Fillet Maple& Brown Sugar,55748,fish,,,PLU List Meat Fish.xlsx:fish
Salmon King OG,50557,fish,,,PLU List Meat Fish.xlsx:fish
Salmon Loch Duarte Scotland,50366,fish,,,PLU List Meat Fish.xlsx:fish
Salmon Wild Coho,50592,fish,,,PLU List Meat Fish.xlsx:fish
Salmon Wild Sockeye,53358,fish,,,PLU List Meat Fish.xlsx:fish
Salsa,32642,deli,6.99,,PLU List Deli.xlsx:master
Salsa Black Bean Corn,30320,deli,8.99,,PLU List Deli.xlsx:master
Salsa Mango,30160,deli,8.99,,PLU List Deli.xlsx:master
Salted Almond Truffles,14823,bulk,18.99,,PLU BULK Repack Sheet Master.xlsx:Master
Samosa,22508,deli,8.99,LB,Copy of PLU Costs.xlsx:Sheet4
Sandwich Cajun Tofu Wrap,30906,deli,7.99,,PLU List Deli.xlsx:master
Sandwich- Smoked Salmon,30907,existing,,,html+db
Sauce Apple,37687,deli,3.99,,PLU List Deli.xlsx:master
Sauce Chimichurri,34655,deli,8.99,,PLU List Deli.xlsx:master
Sauce Cran,30386,deli,7.99,,PLU List Deli.xlsx:master
Sauce Cran Pecan Apple,36494,deli,7.99,,PLU List Deli.xlsx:master
Sauce Romesco,37663,deli,8.99,,PLU List Deli.xlsx:master
Sauerkraut,6978,small-vendor,,,PLU List Small Vendor.xlsx
Sausage Italian 16 FZ,34669,deli,4.99,,PLU List Deli.xlsx:master
Sausage Italian 32 FZ,34670,deli,8.99,,PLU List Deli.xlsx:master
Sausage Peppers and Onions LG,32953,deli,9.99,,PLU List Deli.xlsx:master
Scallops Bay,53492,fish,,,PLU List Meat Fish.xlsx:fish
SCHNEIDER'S Catfish,50021,fish,,,PLU List Meat Fish.xlsx:fish
SCHNEIDER'S Cod Wild Pacific USA (Previously Frozen),50027,fish,,,PLU List Meat Fish.xlsx:fish
SCHNEIDER'S Crawfish Whole Cooked,50349,fish,,,PLU List Meat Fish.xlsx:fish
SCHNEIDER'S Haddock Wild USA,50026,fish,,,PLU List Meat Fish.xlsx:fish
SCHNEIDER'S Marlin Hawaiian Blue,60677,fish,,,PLU List Meat Fish.xlsx:fish
SCHNEIDER'S Rainbow,50410,fish,,,PLU List Meat Fish.xlsx:fish
SCHNEIDER'S Scallops Dry,50042,fish,,,PLU List Meat Fish.xlsx:fish
SCHNEIDER'S Scallops Dry 20-30 ct.,50049,fish,,,PLU List Meat Fish.xlsx:fish
SCHNEIDER'S Shrimp Tiger Wild Caught,50600,fish,,,PLU List Meat Fish.xlsx:fish
SCHNEIDER'S Swordfish Fresh,50500,fish,,,PLU List Meat Fish.xlsx:fish
SCHNEIDER'S Tilapia,50033,fish,,,PLU List Meat Fish.xlsx:fish
SCHNEIDER'S Wild Sole,50774,fish,,,PLU List Meat Fish.xlsx:fish
Scone,30528,bakehouse,,,Shrink Log Reference Bakehouse-Deli.xlsx:Bakehouse
Scone Blueberry 6 CT,33318,bakehouse,12.99,,PLU List Bakehouse.xlsx:print list
Sea Bass Barramundi,50796,fish,,,PLU List Meat Fish.xlsx:fish
Sea Bass Bronzino Whole Europe,50651,fish,,,PLU List Meat Fish.xlsx:fish
Sea Bass Striped,53410,fish,,,PLU List Meat Fish.xlsx:fish
Seeds Non Taxable,3712,produce,1.59,,produce-inventory-alt-id.csv
Sesame Cashew Noodle Bowl,30163,existing,,,reclist
"Sheep Goat Cow, Three Sisters",43718,cheese,32.99,LB,PLU LIST - Cheese.xlsx:Master
"Sheep Goat, Mobay",43705,cheese,21.99,LB,PLU LIST - Cheese.xlsx:Master
"Sheep, Manchego Pasteurized",47795,cheese,16.99,LB,PLU LIST - Cheese.xlsx:Master
"Sheep, Manchego Raw Milk",41645,cheese,18.99,LB,PLU LIST - Cheese.xlsx:Master
Sherwood Chicken Roasters,50687,meat,,,PLU List Meat Fish.xlsx:meat
Shortcake 1 CT,31729,bakehouse,1.99,,PLU List Bakehouse.xlsx:print list
Shortcake 4 CT,31730,bakehouse,6.99,,PLU List Bakehouse.xlsx:print list
Shrimp and Crab Salad,33407,existing,,,reclist+html+db
Shrimp Cocktail Bowl,30821,deli,18.99,,PLU List Deli.xlsx:master
Shrimp Cooked,50117,fish,,,PLU List Meat Fish.xlsx:fish
Shrimp Saus Gumbo 16 FZ,39645,deli,4.99,,PLU List Deli.xlsx:master
Shrimp Saus Gumbo 32 FZ,39646,deli,8.99,,PLU List Deli.xlsx:master
Shrimp Tray (1.5 lb of shrimp),51124,fish,,,PLU List Meat Fish.xlsx:fish
Smart Chicken Chicken Breasts Boneless Bnl Skinless,53592,meat,,,PLU List Meat Fish.xlsx:meat
Snack Pack Almond Chix Salad,22043,deli,4.99,,PLU List Deli.xlsx:master
Snack Pack Black Bean Hummus,22041,deli,4.99,,PLU List Deli.xlsx:master
Snack Pack Cheese Cracker V,22047,deli,4.99,,PLU List Deli.xlsx:master
Snack Pack Dip Sampler,36651,deli,5.99,,PLU List Deli.xlsx:master
Snack Pack Meat & Cheese,22044,deli,4.99,,PLU List Deli.xlsx:master
Snack Pack Olive Sampler,36652,deli,9.99,,PLU List Deli.xlsx:master
Snack Pack Red Pepper Hummus,31734,deli,4.99,,PLU List Deli.xlsx:master
Snack Pack Roasted Garlic Humm,22040,deli,4.99,,PLU List Deli.xlsx:master
Snack Pack Thai Peanut Tofu,31753,deli,4.99,,PLU List Deli.xlsx:master
Snack Pack Tuna Salad,22042,deli,4.99,,PLU List Deli.xlsx:master
Snickerdoodle Cookie,432956,existing,,,reclist
Snickerdoodle Cookies,432956,existing,,,fuzzy:reclist
Snowy Owl,40610,cheese,21.99,LB,PLU LIST - Cheese.xlsx:Master
Sole fillets,50774,fish,,,PLU List Meat Fish.xlsx:fish
Sole fillets stuffed w/ crab meat stuffing,54401,fish,,,PLU List Meat Fish.xlsx:fish
Soup - Carrot Ginger,30888,existing,,,reclist
Soup - Lentil Soup with Potatoes and Spinach,37356,existing,,,reclist
Soup 16 FL OZ,30629,deli,,,Shrink Log Reference Bakehouse-Deli.xlsx:PFD_Deli
Soup 32 FL OZ,30630,deli,,,Shrink Log Reference Bakehouse-Deli.xlsx:PFD_Deli
Soup 8 FL OZ,30928,deli,,,Shrink Log Reference Bakehouse-Deli.xlsx:PFD_Deli
Soup Avgolemono Veg 32 FZ,37665,deli,8.99,32 FZ,Copy of PLU Costs.xlsx:Sheet4
Soup Beef Stock 32 FZ,30947,deli,8.99,32 FZ,Copy of PLU Costs.xlsx:Sheet4
Soup Chai Butternut 16 FZ,38419,deli,4.99,16 FZ,Copy of PLU Costs.xlsx:Sheet4
Soup Chai Butternut 32 FZ,38418,deli,8.99,32 FZ,Copy of PLU Costs.xlsx:Sheet4
Soup Chix Noodle Asian 16 FZ,39655,deli,4.99,16 FZ,Copy of PLU Costs.xlsx:Sheet4
Soup Chix Noodle Asian 32 FZ,39656,deli,8.99,16 FZ,Copy of PLU Costs.xlsx:Sheet4
Soup Clam Chowder 16 FZ,30748,deli,4.99,16 FZ,Copy of PLU Costs.xlsx:Sheet4
Soup Coconut Chix Noodle 32 FZ,33727,deli,7.99,32 FZ,Copy of PLU Costs.xlsx:Sheet4
Soup Cream of Tomato 32 FZ,36774,deli,8.99,32 FZ,Copy of PLU Costs.xlsx:Sheet4
Soup Hot Sour 32 FZ,35357,deli,8.99,32 FZ,Copy of PLU Costs.xlsx:Sheet4
Soup Italian Wedding 32 FZ,34704,deli,8.99,32 FZ,Copy of PLU Costs.xlsx:Sheet4
Soup Lentil Pot Spin 16 FZ,37355,deli,4.99,,PLU List Deli.xlsx:master
Soup Lentil Pot Spin 32 FZ,37356,deli,8.99,,PLU List Deli.xlsx:master
Soup Lentil Red 32 FZ,34818,deli,8.99,32 FZ,Copy of PLU Costs.xlsx:Sheet4
Soup Lentil Sau Pot Spin 16 FZ,36828,deli,4.99,16 FZ,Copy of PLU Costs.xlsx:Sheet4
Soup Lentil Sau Pot Spin 32 FZ,36832,deli,8.99,32 FZ,Copy of PLU Costs.xlsx:Sheet4
Soup Matzo Ball 32 FZ,36712,deli,8.99,32 FZ,Copy of PLU Costs.xlsx:Sheet4
Soup Miso 32 FZ,37662,deli,8.99,32 FZ,Copy of PLU Costs.xlsx:Sheet4
Soup Mulligatawny 32 FZ,36721,deli,8.99,32 FZ,Copy of PLU Costs.xlsx:Sheet4
Soup Pasta E Fagioli 16 FZ,39653,deli,4.99,16 FZ,Copy of PLU Costs.xlsx:Sheet4
Soup Pasta E Fagioli 32 FZ,39654,deli,8.99,32 FZ,Copy of PLU Costs.xlsx:Sheet4
Soup Potato Leek 32 FZ,30019,deli,8.99,32 FZ,Copy of PLU Costs.xlsx:Sheet4
Soup Sausage Italian 32 FZ,34670,deli,8.99,32 FZ,Copy of PLU Costs.xlsx:Sheet4
Soup Senate Bean 16 FZ,30829,deli,4.99,16 FZ,Copy of PLU Costs.xlsx:Sheet4
Soup Split Pea 32 FZ,34645,deli,8.99,32 FZ,Copy of PLU Costs.xlsx:Sheet4
Soup Split Pea Golden 16 FZ,34493,deli,4.99,16 FZ,Copy of PLU Costs.xlsx:Sheet4
Soup Split Pea Golden 32 FZ,34494,deli,8.99,32 FZ,Copy of PLU Costs.xlsx:Sheet4
Soup Squash Bnut 32 FZ,30330,deli,8.99,32 FZ,Copy of PLU Costs.xlsx:Sheet4
Soup Tom Basil Garlic 16 FZ,32358,deli,8.99,32 FZ,Copy of PLU Costs.xlsx:Sheet4
Soup Tom Kha 16 FZ,31802,deli,4.99,16 FZ,Copy of PLU Costs.xlsx:Sheet4
Soup Tom Kha 32 FZ,31801,deli,8.99,32 FZ,Copy of PLU Costs.xlsx:Sheet4
Soup Tortilla 16 FZ,34648,deli,4.99,16 FZ,Copy of PLU Costs.xlsx:Sheet4
Soup Tortilla 32 FZ,34647,deli,8.99,32 FZ,Copy of PLU Costs.xlsx:Sheet4
Soup Turkey Florentine 16 FZ,36646,deli,4.99,16 FZ,Copy of PLU Costs.xlsx:Sheet4
Soup Turkey Florentine 32 FZ,36645,deli,8.99,32 FZ,Copy of PLU Costs.xlsx:Sheet4
Soup Turkey Posole 16 FZ,39644,deli,4.99,16 FZ,Copy of PLU Costs.xlsx:Sheet4
Soup Turkey Posole 32 FZ,39643,deli,8.99,32 FZ,Copy of PLU Costs.xlsx:Sheet4
Soup Veggie South Barley 32 FZ,36773,deli,8.99,32 FZ,Copy of PLU Costs.xlsx:Sheet4
Soup Wonton 32 FZ,35355,deli,7.99,32 FZ,Copy of PLU Costs.xlsx:Sheet4
Sourdough,60501,small-vendor,,,PLU List Small Vendor.xlsx
Southern Vegetable 16 FZ,37666,deli,4.99,,PLU List Deli.xlsx:master
Southern Vegetable 32 FZ,37667,deli,8.99,,PLU List Deli.xlsx:master
Southwestern Yam Salad,30491,existing,,,reclist+html+db
Spanakopita,30255,deli,11.99,,PLU List Deli.xlsx:master
Spelt Pizza Dough,30196,existing,,,reclist
Spice Rub Tuscan,35554,deli,18.99,LB,Copy of PLU Costs.xlsx:Sheet4
Spinach bag 8 oz cnv,4520,produce,1.79,,produce-inventory-alt-id.csv
Spinach bag cnv,4090,produce,1.79,,produce-inventory-alt-id.csv
Spinach bag cnv,6808,produce,1.79,,produce-inventory-alt-id.csv
Spinach Bunched,4749,produce,2.59,,produce-inventory-alt-id.csv
Spinach Feta Pastry,20860,code-book,,,Code Book PLUs.xlsx
Spinach Ravioli Case,53690,small-vendor,,,PLU List Small Vendor.xlsx
Spinach Tortellini 16 FZ,31755,deli,4.99,,PLU List Deli.xlsx:master
Spinach Tortellini 32 FZ,31756,deli,8.99,,PLU List Deli.xlsx:master
Split Pea 16 FZ,34646,deli,4.99,,PLU List Deli.xlsx:master
Split Pea 32 FZ,34645,deli,8.99,,PLU List Deli.xlsx:master
Split Pea Golden 16 FZ,34493,deli,4.99,,PLU List Deli.xlsx:master
Split Pea Golden 32 FZ,34494,deli,8.99,,PLU List Deli.xlsx:master
Split Pea Ham 16 FZ,36817,deli,4.99,,PLU List Deli.xlsx:master
Split Pea Ham 32 FZ,36818,deli,8.99,,PLU List Deli.xlsx:master
Sponge Candy Dark Chocolate,15363,bulk,13.99,,PLU BULK Repack Sheet Master.xlsx:Master
Sponge Candy Milk Chocolate,15364,bulk,13.99,,PLU BULK Repack Sheet Master.xlsx:Master
Spread Blue Walnuts,30889,deli,8.99,,PLU List Deli.xlsx:master
Spread Cheese Farmer Market,30616,deli,6.99,,PLU List Deli.xlsx:master
Spread Gouda Smoked,30887,deli,8.99,,PLU List Deli.xlsx:master
Spread Tofu Cashew,30172,deli,8.99,,PLU List Deli.xlsx:master
Spring Leek,40616,cheese,13.99,LB,PLU LIST - Cheese.xlsx:Master
Sprouts alfalfa cnv,4514,produce,1.99,,produce-inventory-alt-id.csv
Sprouts bean cnv,3714,produce,1.99,,produce-inventory-alt-id.csv
Sprouts garden cnv,6916,produce,1.99,,produce-inventory-alt-id.csv
Sprouts mung bean cnv,3713,produce,1.99,,produce-inventory-alt-id.csv
Sprouts sunflower cn,4001,produce,1.79,,produce-inventory-alt-id.csv
Squash acorn cnv,4750,produce,0.79,,produce-inventory-alt-id.csv
Squash buttercup cnv,4758,produce,0.79,,produce-inventory-alt-id.csv
Squash butternut loc,4759,produce,0.79,,produce-inventory-alt-id.csv
Squash Butternut Rice Wild,36649,deli,8.99,,PLU List Deli.xlsx:master
Squash calabaza cnv,4760,produce,0.79,,produce-inventory-alt-id.csv
Squash Carnival cnv,3142,produce,0.59,,produce-inventory-alt-id.csv
Squash delicata cnv,4763,produce,0.79,,produce-inventory-alt-id.csv
Squash delicious heirloom cnv,1118,produce,0.59,,produce-inventory-alt-id.csv
Squash hubbard cnv,4768,produce,0.59,,produce-inventory-alt-id.csv
Squash Kabocha cnv,4769,produce,0.79,,produce-inventory-alt-id.csv
Squash patty pan cnv,4773,produce,0.79,,produce-inventory-alt-id.csv
Squash spaghetti cnv,4776,produce,0.79,,produce-inventory-alt-id.csv
Squash summer/pattypan loc,84773,produce,1.29,,produce-inventory-alt-id.csv
Squash turban cnv,4780,produce,0.59,,produce-inventory-alt-id.csv
Squash Winter,4786,produce,0.79,,produce-inventory-alt-id.csv
Squash yellow cnv,4782,produce,0.99,,produce-inventory-alt-id.csv
Squash zucchini cnv,4067,produce,1.29,,produce-inventory-alt-id.csv
"Squash, Mashed Potato",4781,local-produce,,,"Local Produce Codes, August 2017 JC.docx"
"Squash, Spaghetti",4776,local-produce,,,"Local Produce Codes, August 2017 JC.docx"
"St Stephen, Four Fat Fowl",40303,cheese,25.99,LB,PLU LIST - Cheese.xlsx:Master
STANDFAST Beef Bones,50136,meat,,,PLU List Meat Fish.xlsx:meat
STANDFAST Beef Bottom Round Roast,51718,meat,,,PLU List Meat Fish.xlsx:meat
STANDFAST Beef Brisket,51946,meat,,,PLU List Meat Fish.xlsx:meat
STANDFAST Beef Chuck Eye Steak,51707,meat,,,PLU List Meat Fish.xlsx:meat
STANDFAST Beef Chuck Roast Bnls,50083,meat,,,PLU List Meat Fish.xlsx:meat
STANDFAST Beef Chuck Steak Bnls,50148,meat,,,PLU List Meat Fish.xlsx:meat
STANDFAST Beef Cube Steak,50133,meat,,,PLU List Meat Fish.xlsx:meat
STANDFAST Beef Eye of Round Roast,50146,meat,,,PLU List Meat Fish.xlsx:meat
STANDFAST Beef Eye of Round Steak,51749,meat,,,PLU List Meat Fish.xlsx:meat
STANDFAST Beef Flank Steak,50235,meat,,,PLU List Meat Fish.xlsx:meat
STANDFAST Beef Flat Iron Steak,50236,meat,,,PLU List Meat Fish.xlsx:meat
STANDFAST Beef Ground (Frozen),50142,meat,,,PLU List Meat Fish.xlsx:meat
STANDFAST Beef Ground Patties 3/6oz,50551,meat,,,PLU List Meat Fish.xlsx:meat
STANDFAST Beef Hanger Steak,54499,meat,,,PLU List Meat Fish.xlsx:meat
STANDFAST Beef Heart,50306,meat,,,PLU List Meat Fish.xlsx:meat
STANDFAST Beef Kabob Meat,50091,meat,,,PLU List Meat Fish.xlsx:meat
STANDFAST Beef Liver,50087,meat,,,PLU List Meat Fish.xlsx:meat
STANDFAST Beef London Broil,51724,meat,,,PLU List Meat Fish.xlsx:meat
STANDFAST Beef Ox Tail,50641,meat,,,PLU List Meat Fish.xlsx:meat
STANDFAST Beef Porterhouse Steak,50317,meat,,,PLU List Meat Fish.xlsx:meat
STANDFAST Beef Ribeye Steak Bnls,50140,meat,,,PLU List Meat Fish.xlsx:meat
STANDFAST Beef Ribs Back,50145,meat,,,PLU List Meat Fish.xlsx:meat
STANDFAST Beef Rolled Rump Rst,50125,meat,,,PLU List Meat Fish.xlsx:meat
STANDFAST Beef Shanks,50135,meat,,,PLU List Meat Fish.xlsx:meat
STANDFAST Beef Short Ribs,50137,meat,,,PLU List Meat Fish.xlsx:meat
STANDFAST Beef Sirloin Roast,51708,meat,,,PLU List Meat Fish.xlsx:meat
STANDFAST Beef Sirloin Steak,50801,meat,,,PLU List Meat Fish.xlsx:meat
STANDFAST Beef Sirloin Tip Rst,50085,meat,,,PLU List Meat Fish.xlsx:meat
STANDFAST Beef Sirloin Tip Steak,50082,meat,,,PLU List Meat Fish.xlsx:meat
STANDFAST Beef Skirt Steak,50090,meat,,,PLU List Meat Fish.xlsx:meat
STANDFAST Beef Stew,50134,meat,,,PLU List Meat Fish.xlsx:meat
STANDFAST Beef Stir Fry,50032,meat,,,PLU List Meat Fish.xlsx:meat
STANDFAST Beef Strip Steak Bnls,50141,meat,,,PLU List Meat Fish.xlsx:meat
STANDFAST Beef T-Bone Steak,50316,meat,,,PLU List Meat Fish.xlsx:meat
STANDFAST Beef Tenderloin,50143,meat,,,PLU List Meat Fish.xlsx:meat
STANDFAST Beef Tongue,51756,meat,,,PLU List Meat Fish.xlsx:meat
STANDFAST Beef Top Round Roast,50546,meat,,,PLU List Meat Fish.xlsx:meat
STANDFAST Beef Top Round Steak,51722,meat,,,PLU List Meat Fish.xlsx:meat
Star Fruit,4256,produce,1.99,,produce-inventory-alt-id.csv
Stew Morrocan Beef LG,36660,deli,11.99,,PLU List Deli.xlsx:master
Sticky Buns 4 CT,30607,bakehouse,8.99,,PLU List Bakehouse.xlsx:print list
STONEWOOD Turkey Breast Bone-In,53491,meat,,,PLU List Meat Fish.xlsx:meat
STONEWOOD Turkey Breast Boneless,50081,meat,,,PLU List Meat Fish.xlsx:meat
STONEWOOD Turkey Whole Fresh SW,50336,meat,,,PLU List Meat Fish.xlsx:meat
Strawberries Choc Covered,31556,bakehouse,2.99,,PLU List Bakehouse.xlsx:print list
Strawberries Choc Covered 4 CT,22093,bakehouse,7.99,4 CT,Copy of PLU Costs.xlsx:Sheet4
Strawberries Choc Covered 4 CT V,22094,bakehouse,7.99,4 CT,Copy of PLU Costs.xlsx:Sheet4
Strawberries Choc Covered V,22078,bakehouse,2.99,,PLU List Bakehouse.xlsx:print list
Strawberries Truffles 4 CT,22079,bakehouse,7.99,,PLU List Bakehouse.xlsx:print list
Stuffed Portabello Talleiggio,34741,deli,11.99,,PLU List Deli.xlsx:master
Stuffing,60522,small-vendor,,,PLU List Small Vendor.xlsx
Stuffing Cauliflower,34739,deli,11.99,,PLU List Deli.xlsx:master
Stuffing Cauliflower,38420,deli,8.99,LB,Copy of PLU Costs.xlsx:Sheet4
Stuffing Cauliflower LB,38420,deli,8.99,,PLU List Deli.xlsx:master
Stuffing Cran Pecan 32 OZ,35714,deli,11.99,,PLU List Deli.xlsx:master
Stuffing Cran Pecan LB,31659,deli,8.99,,PLU List Deli.xlsx:master
Stuffing Cranberry Cornbread,31659,deli,8.99,LB,Copy of PLU Costs.xlsx:Sheet4
Stuffing Cranberry Cornbread,35714,deli,11.99,32 oz,Copy of PLU Costs.xlsx:Sheet4
Stuffing Cranberry Quinoa,34740,deli,11.99,,PLU List Deli.xlsx:master
Stuffing Holiday 32 OZ,35715,deli,11.99,,PLU List Deli.xlsx:master
Stuffing Holiday LB,30454,deli,6.99,,PLU List Deli.xlsx:master
Sugar cane cnv,4790,produce,3.99,,produce-inventory-alt-id.csv
Sugar Cookies,31608,existing,,,reclist
Sugar Snap Peas with Sesame,30814,existing,,,reclist+html+db
Sunchokes cnv,4791,produce,2.99,,produce-inventory-alt-id.csv
Sundrops Peanuts,15260,bulk,8.99,,PLU BULK Repack Sheet Master.xlsx:Master
Sunflowers,1111,produce,1.99,,produce-inventory-alt-id.csv
SW Brk Bacon Ched,38501,deli,2.99,,PLU List Deli.xlsx:master
SW Brk Bacon Ched Pesto,37721,deli,2.99,,PLU List Deli.xlsx:master
SW Brk Burrito,36835,deli,2.99,,PLU List Deli.xlsx:master
SW Brk Caprese Whl,37720,deli,2.99,,PLU List Deli.xlsx:master
SW Brk Sausage Ched,38499,deli,3.49,,PLU List Deli.xlsx:master
SW Chicken Salad Almond,31496,deli,7.99,,PLU List Deli.xlsx:master
SW Corned Beef Hlf,31761,deli,3.99,,PLU List Deli.xlsx:master
SW Corned Beef Whl,31760,deli,7.99,,PLU List Deli.xlsx:master
SW Egg & Cheddar,36602,deli,2.99,,PLU List Deli.xlsx:master
SW Egg Salad Hlf,30588,deli,3.49,,PLU List Deli.xlsx:master
SW Egg Salad Whl,30619,deli,6.99,,PLU List Deli.xlsx:master
SW Half Turkey BLT Wrap,30235,deli,3.99,,PLU List Deli.xlsx:master
SW Ham Ched Hlf,31550,deli,3.99,,PLU List Deli.xlsx:master
SW Ham Ched Whl,31552,deli,7.99,,PLU List Deli.xlsx:master
SW Italian Hlf,30356,deli,3.99,,PLU List Deli.xlsx:master
SW Italian Whl,30909,deli,7.99,,PLU List Deli.xlsx:master
SW Roast Beef Hlf,30347,deli,3.99,,PLU List Deli.xlsx:master
SW Roast Beef Whl,30905,deli,7.99,,PLU List Deli.xlsx:master
SW Roma Hlf,30357,deli,3.99,,PLU List Deli.xlsx:master
SW Roma Whl,30908,deli,6.99,,PLU List Deli.xlsx:master
SW Salmon Smoked Hlf,30350,deli,3.99,,PLU List Deli.xlsx:master
SW Salmon Smoked Whl,30907,deli,7.99,,PLU List Deli.xlsx:master
SW Tofu Cajun Hlf,30363,deli,3.99,,PLU List Deli.xlsx:master
SW Tofu Cajun Whl,30475,deli,7.99,,PLU List Deli.xlsx:master
SW Tuna Salad Hlf,30359,deli,3.99,,PLU List Deli.xlsx:master
SW Tuna Salad Whl,30621,deli,7.99,,PLU List Deli.xlsx:master
SW Turkey BLT Wrap,30856,deli,6.99,,PLU List Deli.xlsx:master
SW Turkey Hlf,30353,deli,3.99,,PLU List Deli.xlsx:master
SW Turkey Tom Hlf,30354,deli,3.99,,PLU List Deli.xlsx:master
SW Turkey Tom Whl,30915,deli,7.99,,PLU List Deli.xlsx:master
SW Turkey Whl,30911,deli,7.99,,PLU List Deli.xlsx:master
Sweet Corn and Arame,30595,existing,,,reclist+html+db
Sweet Ginger Tofu,30245,existing,,,reclist+html+db
Sweet Hot Mustard,30937,small-vendor,,,PLU List Small Vendor.xlsx
Sweet Onion Dip,30435,existing,,,reclist+html+db
Sweet Pea Guacamole,30612,existing,,,reclist+html+db
"Swiss, Jarlesburg",40023,cheese,12.99,LB,PLU LIST - Cheese.xlsx:Master
"Swiss, Ludington Lace Aged Swiss",43841,cheese,16.99,LB,PLU LIST - Cheese.xlsx:Master
Tabbouleh,33725,existing,,,fuzzy:Copy of PLU Costs.xlsx:Sheet4
Tahini CNV,15675,bulk,4.99,,PLU BULK Repack Sheet Master.xlsx:Master
Tahini Cookies,30351,existing,,,reclist
"Taleggio, Italy Ciresa",43706,cheese,15.99,LB,PLU LIST - Cheese.xlsx:Master
Tangelos minneola cnv,4383,produce,0.49,,produce-inventory-alt-id.csv
Tangerine Clementine 5lb box,3384,produce,6.99,,produce-inventory-alt-id.csv
Tangerine Large cnv,3030,produce,0.29,,produce-inventory-alt-id.csv
Tangerines clementine cnv,4450,produce,6.99,,produce-inventory-alt-id.csv
Tangerines cnv,4055,produce,0.39,,produce-inventory-alt-id.csv
Tangerines fairchild cnv,4452,produce,0.49,,produce-inventory-alt-id.csv
Tangerines fall glo cnv,3144,produce,0.39,,produce-inventory-alt-id.csv
Tangerines honey cnv,4453,produce,0.39,,produce-inventory-alt-id.csv
Tangerines mandarin cnv,4455,produce,0.49,,produce-inventory-alt-id.csv
Tangerines satsuma cnv,3029,produce,0.49,,produce-inventory-alt-id.csv
Tangerines sunburst cnv,4449,produce,0.29,,produce-inventory-alt-id.csv
Tangerines tangelo cnv,4456,produce,0.49,,produce-inventory-alt-id.csv
Tangiers Couscous,30557,deli,8.99,,PLU List Deli.xlsx:master
Tarter Sauce,31647,deli,7.99,,PLU List Deli.xlsx:master
Tex Mex Taboulli,30622,existing,,,reclist+html+db
Thai Cucumber Salad with Peanuts,30304,existing,,,reclist+html+db
Thai Peanut Bowl,31585,existing,,,fuzzy:PLU List Deli.xlsx:master
Thai Peanut Tofu Salad,31585,existing,,,reclist
Thai Sesame Noodles,30036,existing,,,html+db
Thumbprint Rasp Almond,30543,bakehouse,1.99,,PLU List Bakehouse.xlsx:print list
Tilapia Potato Crusted,50016,fish,,,PLU List Meat Fish.xlsx:fish
Tilapia Tortilla Crusted,50015,fish,,,PLU List Meat Fish.xlsx:fish
"Tilsit, Basil And Tomato",43715,cheese,19.99,LB,PLU LIST - Cheese.xlsx:Master
"Tilsit, Ommegang Ale",43716,cheese,19.99,LB,PLU LIST - Cheese.xlsx:Master
Toffee Caramel Cake Slice,10929,small-vendor,,,PLU List Small Vendor.xlsx
Tofu and Broccoli with Peanut Teriyaki,31746,existing,,,reclist
Tofu Baked Cilantro Ginger Sau,30002,deli,6.99,,PLU List Deli.xlsx:master
Tofu Broccoli Peanut Teriyak L,32952,deli,9.99,,PLU List Deli.xlsx:master
Tofu Broccoli Teriyaki,31746,deli,9.99,,PLU List Deli.xlsx:master
Tofu Cashew Spread,30172,existing,,,reclist+html+db
Tofu Kung Pao,30628,deli,8.99,,PLU List Deli.xlsx:master
Tofu Salad Eggless V,30098,deli,8.99,,PLU List Deli.xlsx:master
Tofu Scramble,34813,existing,,,fuzzy:PLU List Deli.xlsx:master
Tofu Scramble Mush Kale,34813,deli,8.99,,PLU List Deli.xlsx:master
Tofu Scramble OLD,34813,existing,,,fuzzy:PLU List Deli.xlsx:master
Tofu Steaks Spicy,30092,deli,6.99,,PLU List Deli.xlsx:master
Tofu Sweet Ginger,30245,deli,6.99,,PLU List Deli.xlsx:master
Tofu Thai Peanut Bowl,31585,deli,6.99,,PLU List Deli.xlsx:master
Tom,40605,cheese,18.99,LB,PLU LIST - Cheese.xlsx:Master
Tom Basil Garlic 16 FZ,32358,deli,8.99,,PLU List Deli.xlsx:master
Tom Heirloom 16 FZ,36741,deli,4.99,,PLU List Deli.xlsx:master
Tom Heirloom 32 FZ,36742,deli,8.99,,PLU List Deli.xlsx:master
Tom Kha 16 FZ,31802,deli,4.99,,PLU List Deli.xlsx:master
Tom Kha 32 FZ,31801,deli,8.99,,PLU List Deli.xlsx:master
Tomatillos cnv,4801,produce,2.59,,produce-inventory-alt-id.csv
Tomato Baby Roma cnv,3146,produce,1.59,,produce-inventory-alt-id.csv
Tomato Basil 16 FZ,34660,deli,4.99,,PLU List Deli.xlsx:master
Tomato Basil 32 FZ,34661,deli,8.99,,PLU List Deli.xlsx:master
Tomato beefsteak cnv,3061,produce,1.99,,produce-inventory-alt-id.csv
Tomato cnv,4064,produce,2.59,,produce-inventory-alt-id.csv
Tomato Field Tomatoes cnv,4800,produce,2.59,,produce-inventory-alt-id.csv
Tomato grape/cherry loose cnv,4796,produce,1.99,,produce-inventory-alt-id.csv
Tomato grape/cherry pint cnv,4807,produce,2.59,,produce-inventory-alt-id.csv
Tomato grape/cherry pint cnv,4808,produce,2.59,,produce-inventory-alt-id.csv
Tomato heirloom cnv,3423,produce,2.59,,produce-inventory-alt-id.csv
Tomato heirloom cnv,4806,produce,2.29,,produce-inventory-alt-id.csv
Tomato hydroponic cn,4799,produce,2.29,,produce-inventory-alt-id.csv
Tomato roma red cvn,4087,produce,1.99,,produce-inventory-alt-id.csv
Tomato vine cnv,4664,produce,2.99,,produce-inventory-alt-id.csv
Tomato yellow cnv,4778,produce,1.99,,produce-inventory-alt-id.csv
Tomatoes grape pint cnv,6817,produce,2.59,,produce-inventory-alt-id.csv
Tomatoes grape pint cnv,6819,produce,2.59,,produce-inventory-alt-id.csv
Tomatoes Heirloom Tomatoes,94772,produce,2.99,,produce-inventory-alt-id.csv
"Tomatoes, Cherry Quart",4821,local-produce,,,"Local Produce Codes, August 2017 JC.docx"
"Tomatoes, Organic Cherry Pint",94796,local-produce,,,"Local Produce Codes, August 2017 JC.docx"
"Tomatoes, Slicing",84800,local-produce,,,"Local Produce Codes, August 2017 JC.docx"
Tortellini Alfredo Broccoli LG,37672,deli,9.99,,PLU List Deli.xlsx:master
Tortellini Cheese Case,53691,small-vendor,,,PLU List Small Vendor.xlsx
Tortellini Parm Lemon,30227,deli,8.99,,PLU List Deli.xlsx:master
Tortilla 16 FZ,34648,deli,4.99,,PLU List Deli.xlsx:master
Tortilla 32 FZ,34647,deli,8.99,,PLU List Deli.xlsx:master
Tortilla Chix 16 FZ,37659,deli,4.99,,PLU List Deli.xlsx:master
Tortilla Chix 32 FZ,37660,deli,8.99,,PLU List Deli.xlsx:master
Treat Rice Krispy,30567,bakehouse,1.99,,PLU List Bakehouse.xlsx:print list
Treat Rice Krispy PB Ch Heart,32727,bakehouse,8.99,1 CT,Copy of PLU Costs.xlsx:Sheet4
Treat Rice Krispy PB Ch Heart V,32727,bakehouse,8.99,,PLU List Bakehouse.xlsx:print list
Treat Rice Krispy Pb Choc V,30399,bakehouse,2.99,,PLU List Bakehouse.xlsx:print list
TRIDENT Mahi Mahi Redi Grilled,52556,fish,,,PLU List Meat Fish.xlsx:fish
TRIDENT Salmon Alaskan Sockeye (FZ),52557,fish,,,PLU List Meat Fish.xlsx:fish
Trout Fillets Farm Raised,50351,fish,,,PLU List Meat Fish.xlsx:fish
Truffle Tremor,40321,cheese,27.99,LB,PLU LIST - Cheese.xlsx:Master
"Truffle Tremor, Cypress Grove",40321,cheese,27.99,LB,PLU LIST - Cheese.xlsx:Master
Truffles,30520,bakehouse,3.99,,PLU List Bakehouse.xlsx:print list
Truffles Assorted 5 CT,22092,bakehouse,9.99,,PLU List Bakehouse.xlsx:print list
"Tub, Asiago Grated",42495,cheese,8.99,LB,PLU LIST - Cheese.xlsx:Master
"Tub, Cheese Blend Shavd",43704,cheese,7.99,LB,PLU LIST - Cheese.xlsx:Master
"Tub, Ciliegine Marinated",40590,cheese,10.99,LB,PLU LIST - Cheese.xlsx:Master
"Tub, Curds (bulk)",40121,cheese,8.99,LB,PLU LIST - Cheese.xlsx:Master
"Tub, Feta Bulk",40081,cheese,16.99,LB,PLU LIST - Cheese.xlsx:Master
"Tub, Marcona Almonds",40132,cheese,19.99,LB,PLU LIST - Cheese.xlsx:Master
"Tub, Mozzarella Boconcini Fresh",40098,cheese,9.99,LB,PLU LIST - Cheese.xlsx:Master
"Tub, Parmesan Grated",40119,cheese,13.99,LB,PLU LIST - Cheese.xlsx:Master
"Tub, Romano Grated",40120,cheese,15.99,LB,PLU LIST - Cheese.xlsx:Master
Tuna Salad,30553,existing,,,reclist+html
Turkey Breast Bone-In,59010,turkey,2.66,,Turkey PLU's.xlsx
Turkey Breast PL 4-6,58722,turkey,5.15,,Turkey PLU's.xlsx
Turkey Breast Plainville 8-10,58723,turkey,5.15,,Turkey PLU's.xlsx
Turkey Cnv Fd 10-12,59001,turkey,1.99,,Turkey PLU's.xlsx
Turkey Cnv Fd 12-14,59002,turkey,1.99,,Turkey PLU's.xlsx
Turkey Cnv Fd 14-16,59003,turkey,1.99,,Turkey PLU's.xlsx
Turkey Cnv Fd 16-18,59004,turkey,1.99,,Turkey PLU's.xlsx
Turkey Cnv Fd 18-20,59005,turkey,1.99,,Turkey PLU's.xlsx
Turkey Cnv Fd 20-22,59006,turkey,1.99,,Turkey PLU's.xlsx
Turkey Florentine 16 FZ,36646,deli,4.99,,PLU List Deli.xlsx:master
Turkey Florentine 32 FZ,36645,deli,8.99,,PLU List Deli.xlsx:master
Turkey Mary Heritage 12-14,58737,turkey,5.99,,Turkey PLU's.xlsx
Turkey Mary Heritage 14-16,58738,turkey,5.99,,Turkey PLU's.xlsx
Turkey Mary Heritage 18-20,58739,turkey,5.99,,Turkey PLU's.xlsx
Turkey Mary Heritage 20-22,58740,turkey,5.99,,Turkey PLU's.xlsx
Turkey Mary Organic 10-12,58725,turkey,3.9,,Turkey PLU's.xlsx
Turkey Mary Organic 16-18,58726,turkey,3.9,,Turkey PLU's.xlsx
Turkey Mary Organic 20-22,58727,turkey,3.9,,Turkey PLU's.xlsx
Turkey OG Breast Mary 6-8,59723,turkey,5.75,,Turkey PLU's.xlsx
Turkey Plain Organic 22-24,59727,turkey,3.9,,Turkey PLU's.xlsx
Turkey Plainville 10-12,58711,turkey,2.87,,Turkey PLU's.xlsx
Turkey Plainville 12-14,58712,turkey,2.87,,Turkey PLU's.xlsx
Turkey Plainville 14-16,58713,turkey,2.87,,Turkey PLU's.xlsx
Turkey Plainville 16-18,58714,turkey,2.87,,Turkey PLU's.xlsx
Turkey Plainville 18-20,58715,turkey,2.87,,Turkey PLU's.xlsx
Turkey Plainville 20-22,58716,turkey,2.87,,Turkey PLU's.xlsx
Turkey Plainville 22-24,58717,turkey,2.87,,Turkey PLU's.xlsx
Turkey Plainville 24-26,58718,turkey,2.87,,Turkey PLU's.xlsx
Turkey Plainville 28-30,58720,turkey,2.87,,Turkey PLU's.xlsx
Turkey Posole 16 FZ,39644,deli,4.99,,PLU List Deli.xlsx:master
Turkey Posole 32 FZ,39643,deli,8.99,,PLU List Deli.xlsx:master
Turkey Roasted & Gravy LG,39641,deli,13.99,,PLU List Deli.xlsx:master
Turkey Roasted Gravy LG,39641,deli,13.99,24 OZ,Copy of PLU Costs.xlsx:Sheet4
Turkey Wendels Local 12-14,58730,turkey,3.9,,Turkey PLU's.xlsx
Turkey Wendels Local 14-16,58731,turkey,3.9,,Turkey PLU's.xlsx
Turkey Wendels Local 18-20,58732,turkey,3.9,,Turkey PLU's.xlsx
Turkey Wendels Local 22-24,58733,turkey,3.9,,Turkey PLU's.xlsx
Turkey Whole PV,51558,turkey,2.87,,Turkey PLU's.xlsx
Turnip bunch cnv,4810,produce,1.99,,produce-inventory-alt-id.csv
Turnips white cnv,4812,produce,2.59,,produce-inventory-alt-id.csv
Tuscan Minestrone,36644,existing,,,fuzzy:PLU List Deli.xlsx:master
Tuscan Tortellini,30244,existing,,,reclist+html+db
Tzatziki,33689,deli,8.99,,PLU List Deli.xlsx:master
U.S. Foods Fresh Trout,50351,fish,,,PLU List Meat Fish.xlsx:fish
U.S. Foods Tuna Loin,50793,fish,,,PLU List Meat Fish.xlsx:fish
Uniq Fruit,4459,produce,0.59,,produce-inventory-alt-id.csv
VALUE Chicken Breast Boneless,52643,meat,,,PLU List Meat Fish.xlsx:meat
VALUE Chicken Drums,52642,meat,,,PLU List Meat Fish.xlsx:meat
VALUE Chicken Thighs Bone In,52641,meat,,,PLU List Meat Fish.xlsx:meat
VALUE Chicken Thighs Boneless,52640,meat,,,PLU List Meat Fish.xlsx:meat
Vegan Carrot Ginger Soup,30888,existing,,,fuzzy:html+db
Vegan Cheesy Pasta,30337,existing,,,reclist+html+db
Vegan Chocolate Chip Cookie,20874,code-book,,,Code Book PLUs.xlsx
Vegan Chocolate Chip Cookie Cake,20874,existing,,,fuzzy:Code Book PLUs.xlsx
Vegan Chocolate Chip Cookies,20874,existing,,,fuzzy:Code Book PLUs.xlsx
Vegan Chocolate Mousse,30157,existing,,,reclist
Vegan Double Chocolate Chip Cookie,20865,code-book,,,Code Book PLUs.xlsx
Vegan Mashed Potatoes,35717,existing,,,fuzzy:Copy of PLU Costs.xlsx:Sheet4
Vegan Mini Banana Muffins,24535,existing,,,reclist
Vegan Peanut Butter Cups,30388,existing,,,fuzzy:reclist
Vegan Pumpkin Bars,30515,existing,,,reclist
Vegan Rice Krispy Treats,30399,existing,,,reclist
Vegan Sundried Tomato Sunflower Pate,30131,existing,,,reclist+html+db
Vegetable Hummus Wrap,30744,existing,,,fuzzy:reclist+html+db
Vegetable Party Tray 12 Inch,32665,deli,14.99,,PLU List Deli.xlsx:master
Vegetables Italian Roasted 1CT,34686,deli,9.99,,PLU List Deli.xlsx:master
Vegetables Italian Roasted LB,34687,deli,8.99,,PLU List Deli.xlsx:master
Vegetarian Gravy 16 FL OZ,35729,deli,4.99,16 FL OZ,Copy of PLU Costs.xlsx:Sheet4
Veggie 16 FZ,36757,deli,4.99,,PLU List Deli.xlsx:master
Veggie 32 FZ,36756,deli,8.99,,PLU List Deli.xlsx:master
Veggie Cream Cheese,30616,existing,,,html+db
Veggie Indian 32 FZ,35402,deli,8.99,,PLU List Deli.xlsx:master
Veggie Indian16 FZ,35404,deli,4.99,,PLU List Deli.xlsx:master
Veggie Lebanese 16 FZ,36819,deli,4.99,,PLU List Deli.xlsx:master
Veggie Lebanese 32 FZ,36820,deli,8.99,,PLU List Deli.xlsx:master
Veggie Rolls Genga,30295,deli,3.99,,PLU List Deli.xlsx:master
Veggie Tray Bomb Diggity Dilly,36837,deli,14.99,,PLU List Deli.xlsx:master
Veggie Tray Hummus Garlic,36838,deli,14.99,,PLU List Deli.xlsx:master
Very Berry Mix OG,15355,bulk,18.99,,PLU BULK Repack Sheet Master.xlsx:Master
VIKING Potato Tilapia VK,50016,fish,,,PLU List Meat Fish.xlsx:fish
Vinaigrette Maple,30050,deli,8.99,,PLU List Deli.xlsx:master
Walleye Fillets,53411,fish,,,PLU List Meat Fish.xlsx:fish
Walnut Halves and Pieces,13697,bulk,5.99,,PLU BULK Repack Sheet Master.xlsx:Master
Walnuts Maple Cinnamon OG,13684,bulk,19.99,,PLU BULK Repack Sheet Master.xlsx:Master
Walnuts Raw OG,13595,bulk,16.99,,PLU BULK Repack Sheet Master.xlsx:Master
Wanderer,40608,cheese,19.99,LB,PLU LIST - Cheese.xlsx:Master
WARDYNSKIS Bratwurst Wardynsky,51757,meat,,,PLU List Meat Fish.xlsx:meat
WARDYNSKIS Sausage Fresh Plain Polish,50420,meat,,,PLU List Meat Fish.xlsx:meat
WARDYNSKIS Sausage Polish W/ Marjor,40419,meat,,,PLU List Meat Fish.xlsx:meat
WARDYNSKIS Turkey Breast Cooked,50652,meat,,,PLU List Meat Fish.xlsx:meat
Watercress cnv,4815,produce,2.99,,produce-inventory-alt-id.csv
WENDEL Chicken Breast Split WD,50902,meat,,,PLU List Meat Fish.xlsx:meat
WENDEL Chicken Drumsticks,50903,meat,,,PLU List Meat Fish.xlsx:meat
WENDEL Chicken Hearts Gizards,50555,meat,,,PLU List Meat Fish.xlsx:meat
WENDEL Chicken Livers,50112,meat,,,PLU List Meat Fish.xlsx:meat
WENDEL Chicken Necks,51493,meat,,,PLU List Meat Fish.xlsx:meat
WENDEL Chicken Split Broiler,54407,meat,,,PLU List Meat Fish.xlsx:meat
WENDEL Chicken Thighs,50906,meat,,,PLU List Meat Fish.xlsx:meat
WENDEL Chicken Whole Broiling,50591,meat,,,PLU List Meat Fish.xlsx:meat
WENDEL Chicken Whole Roasting,50904,meat,,,PLU List Meat Fish.xlsx:meat
WENDEL Cornish Hen,50910,meat,,,PLU List Meat Fish.xlsx:meat
WENDEL Turkey Fresh,50338,meat,,,PLU List Meat Fish.xlsx:meat
WENDEL Turkey Fresh 10-14,58730,meat,,,PLU List Meat Fish.xlsx:meat
WENDEL Turkey Fresh 14-18,58731,meat,,,PLU List Meat Fish.xlsx:meat
WENDEL Turkey Fresh 18-22,58732,meat,,,PLU List Meat Fish.xlsx:meat
WENDEL Turkey Fresh 22-25,58733,meat,,,PLU List Meat Fish.xlsx:meat
Wheat Flour OG,15366,bulk,1.69,,PLU BULK Repack Sheet Master.xlsx:Master
Wheat Noodles,50418,small-vendor,,,PLU List Small Vendor.xlsx
Wheatgrass,4502,produce,2.99,,produce-inventory-alt-id.csv
White Bean Olive 16 FZ,37657,deli,4.99,,PLU List Deli.xlsx:master
White Bean Olive 32 FZ,37658,deli,8.99,,PLU List Deli.xlsx:master
White Chocolate Scone,20841,code-book,,,Code Book PLUs.xlsx
White Flour Enriched Unbleached,15365,bulk,1.49,,PLU BULK Repack Sheet Master.xlsx:Master
White Large,16550,small-vendor,,,PLU List Small Vendor.xlsx
White Small,16553,small-vendor,,,PLU List Small Vendor.xlsx
Whole Wheat,3725,small-vendor,,,PLU List Small Vendor.xlsx
Whole Wheat Large,16551,small-vendor,,,PLU List Small Vendor.xlsx
WILD ALASKAN Salmon Alaskan Sockeye FZ,50404,fish,,,PLU List Meat Fish.xlsx:fish
Wildflower 1lb,13537,small-vendor,,,PLU List Small Vendor.xlsx
Winter Minestrone,36685,existing,,,fuzzy:PLU List Deli.xlsx:master
Winter Minestrone 16 FZ,36685,deli,4.99,,PLU List Deli.xlsx:master
Winter Minestrone 32 FZ,36686,deli,8.99,,PLU List Deli.xlsx:master
Wonton 16 FZ,35354,deli,4.99,,PLU List Deli.xlsx:master
Wonton 32 FZ,35355,deli,8.99,,PLU List Deli.xlsx:master
Wrap Brk Spinach,30559,deli,2.99,,PLU List Deli.xlsx:master
Wrap Chicken Caesar Whl,30859,deli,7.99,,PLU List Deli.xlsx:master
Wrap Chix Caesar Hlf,30355,deli,3.99,,PLU List Deli.xlsx:master
Wrap Chix Cajun Hlf,31549,deli,3.99,,PLU List Deli.xlsx:master
Wrap Chix Cajun Whl,31555,deli,7.99,,PLU List Deli.xlsx:master
Wrap Chix Hlf,32742,deli,3.99,,PLU List Deli.xlsx:master
Wrap Chix Southwest Hlf,30360,deli,3.99,,PLU List Deli.xlsx:master
Wrap Chix Whl,32743,deli,7.99,,PLU List Deli.xlsx:master
Wrap Thai Peanut Hlf,30688,deli,3.99,,PLU List Deli.xlsx:master
Wrap Thai Peanut Whl,31554,deli,7.99,,PLU List Deli.xlsx:master
Wrap Veggie Hummus Hlf,30358,deli,3.49,,PLU List Deli.xlsx:master
Wrap Veggie Hummus Whl,30913,deli,6.99,,PLU List Deli.xlsx:master
Yam cnv,4074,produce,1.99,,produce-inventory-alt-id.csv
Yams garnet cnv,4817,produce,1.99,,produce-inventory-alt-id.csv
Yams japanese cnv,4818,produce,1.99,,produce-inventory-alt-id.csv
Yams jewel cnv,4816,produce,1.99,,produce-inventory-alt-id.csv
Yogurt Almonds,14783,bulk,13.99,,PLU BULK Repack Sheet Master.xlsx:Master
Yogurt Peanut Clusters,18710,bulk,7.49,,PLU BULK Repack Sheet Master.xlsx:Master
zSoup Lentil 32 FZ,30283,deli,8.99,32 FZ,Copy of PLU Costs.xlsx:Sheet4
Zucchini Blueberry Bread,22004,existing,,,reclist
